Codigo;Codigo de barras;Tipo;Marca;Descripción;Precio 1;Precio 2;Precio 3;Esta en oferta?;Peso;Stock;Capital;Sexo
2;8411061636275;Perfumes;Antonio Banderas;Blue Seduction;280.000,00;250.000,00;145.000,00;False;50;7;1.050.000,00;MASCULINO
3;8411061645406;Perfumes;Antonio Banderas;Spirit for Men (promo);280.000,00;238.000,00;224.000,00;False;75;0;0;MASCULINO
4;8411061552063;Perfumes;Antonio Banderas;Spirit for Men;280.000,00;238.000,00;224.000,00;False;50;0;0;MASCULINO
5;8411061561249;Perfumes;Antonio Banderas;Spirit for Women;280.000,00;238.000,00;224.000,00;False;50;0;0;FEMENINO
6;8411061292488;Perfumes;Antonio Banderas;Mediterráneo;250.000,00;212.500,00;200.000,00;False;50;0;0;MASCULINO
7;8411061771419;Perfumes;Antonio Banderas;Diavolo;250.000,00;212.500,00;200.000,00;False;50;0;0;MASCULINO
8;8411061770801;Perfumes;Antonio Banderas;Her Golden Secret;280.000,00;238.000,00;224.000,00;False;50;0;0;FEMENINO
9;8411061727935;Perfumes;Antonio Banderas;The Golden Secret;280.000,00;238.000,00;224.000,00;False;50;0;0;MASCULINO
10;8411061636206;Perfumes;Antonio Banderas;Blue Seduction for Women;280.000,00;238.000,00;224.000,00;False;50;0;0;FEMENINO
11;8411061027011;Perfumes;Antonio Banderas;Mediterráneo;350.000,00;297.500,00;280.000,00;False;100;0;0;MASCULINO
12;8411061784280;Perfumes;Antonio Banderas;King of Seduction;280.000,00;238.000,00;224.000,00;False;50;0;0;MASCULINO
13;8411061698594;Perfumes;Antonio Banderas;Seduction in Black;280.000,00;238.000,00;224.000,00;False;50;0;0;MASCULINO
14;5425017734321;Perfumes;New Brand Perfumes;Unic;260.000,00;221.000,00;208.000,00;False;100;0;0;MASCULINO
15;5425017733560;Perfumes;New Brand Perfumes;Prestige US Army;260.000,00;221.000,00;208.000,00;False;100;0;0;MASCULINO
16;5425017734277;Perfumes;New Brand Perfumes;Prestige Gold for Men;260.000,00;221.000,00;208.000,00;False;100;0;0;MASCULINO
17;5425017736431;Perfumes;New Brand Perfumes;Prestige 4 Women Delicious;260.000,00;221.000,00;208.000,00;False;100;0;0;FEMENINO
18;5425017734314;Perfumes;New Brand Perfumes;Prestige Gold for Women;260.000,00;221.000,00;208.000,00;False;100;0;0;FEMENINO
19;5425039220161;Perfumes;New Brand Perfumes;Prestige Invincible for Men;260.000,00;221.000,00;208.000,00;False;100;0;0;MASCULINO
20;5425017735113;Perfumes;New Brand Perfumes;Prestige Ego Gold for Men;260.000,00;221.000,00;208.000,00;False;100;0;0;MASCULINO
21;5425039220109;Perfumes;Master of New Brand;Essence Pink Gold for Women;260.000,00;221.000,00;208.000,00;False;100;0;0;FEMENINO
22;5425017735151;Perfumes;New Brand Perfumes;Fluo Pink for Women;260.000,00;221.000,00;208.000,00;False;100;0;0;FEMENINO
23;5425017731016;Perfumes;New Brand Perfumes;Prestige Extasia for Women;260.000,00;221.000,00;208.000,00;False;100;0;0;FEMENINO
24;5425017734468;Perfumes;New Brand Perfumes;In Love for Women;260.000,00;221.000,00;208.000,00;False;100;0;0;FEMENINO
25;5425017735939;Perfumes;Chic 'N Glam Perfumes;Elixir for Women;260.000,00;221.000,00;208.000,00;False;75;0;0;FEMENINO
26;5425017736004;Perfumes;Chic 'N Glam Perfumes;Ò de la Vie for Women;260.000,00;221.000,00;208.000,00;False;80;0;0;FEMENINO
27;5425017735137;Perfumes;New Brand Perfumes;Prestige Velvet for Women;260.000,00;221.000,00;208.000,00;False;100;0;0;FEMENINO
28;7640111494324;Perfumes;Grès;Cabotine;240.000,00;204.000,00;192.000,00;False;30;0;0;FEMENINO
29;4004711262401;Perfumes;P&G Prestige Beauté;Gabriela Sabatini;260.000,00;221.000,00;208.000,00;False;30;0;0;FEMENINO
30;3355992000260;Perfumes;Ted Lapidus;Lapidus pour Homme;340.000,00;289.000,00;272.000,00;False;100;0;0;MASCULINO
31;3355992000246;Perfumes;Ted Lapidus;Lapidus pour Homme;260.000,00;221.000,00;208.000,00;False;30;0;0;MASCULINO
32;3355992002905;Perfumes;Ted Lapidus;pour lui;340.000,00;289.000,00;272.000,00;False;100;0;0;MASCULINO
33;3355992004596;Perfumes;Ted Lapidus;Rumba;460.000,00;391.000,00;368.000,00;False;100;0;0;FEMENINO
34;3351500981700;Perfumes;Azzaro;Azzaro pour Homme;290.000,00;246.500,00;232.000,00;False;30;0;0;MASCULINO
35;3326240027407;Perfumes;Ulric de Varens;Night;260.000,00;221.000,00;208.000,00;False;100;0;0;MASCULINO
36;3607346551035;Perfumes;Adidas;Team Five Special Edition;260.000,00;221.000,00;208.000,00;False;100;0;0;MASCULINO
37;8002135088870;Perfumes;Ferrari Fragrances;Scuderia Ferrari;280.000,00;238.000,00;224.000,00;False;40;50;3.750.000,00;MASCULINO
38;8002135112018;Perfumes;Ferrari Fragrances;Scuderia Ferrari Black;280.000,00;238.000,00;224.000,00;False;40;0;0;MASCULINO
39;8411061823033;Perfumes;Shakira;Dance;290.000,00;246.500,00;232.000,00;False;50;0;0;FEMENINO
40;8411061810606;Perfumes;Shakira;Love Rock!;280.000,00;238.000,00;224.000,00;False;50;0;0;FEMENINO
41;8411061697290;Perfumes;Shakira;S (Clásico);280.000,00;238.000,00;224.000,00;False;50;0;0;FEMENINO
42;5425017732389;Perfumes;Parfums Des Champs;Cuba Original Gold for Men;240.000,00;204.000,00;192.000,00;False;100;0;0;MASCULINO
43;8431754340616;Perfumes;Jesús Del Pozo;Halloween;260.000,00;221.000,00;208.000,00;False;30;0;0;FEMENINO
44;3442151005829;Perfumes;Yves de Sistelle;Doriane;340.000,00;289.000,00;272.000,00;False;100;0;0;FEMENINO
45;6291103661791;Perfumes;Emper;Chifon;340.000,00;289.000,00;272.000,00;False;100;0;0;FEMENINO
46;6291103661784;Perfumes;Emper;SaGa;340.000,00;289.000,00;272.000,00;False;100;0;0;FEMENINO
47;3326240126612;Perfumes;Ulric de Varens;Jacques Saint Prés Indra;260.000,00;221.000,00;208.000,00;False;100;0;0;FEMENINO
48;6291103661050;Perfumes;Emper;Privé Coral pour Femme;290.000,00;246.500,00;232.000,00;False;95;0;0;FEMENINO
49;6295124016752;Perfumes;Alta Moda;Eternal Dreams;260.000,00;221.000,00;208.000,00;False;100;0;0;FEMENINO
50;8411061759066;Perfumes;Pacha Ibiza;Diva;280.000,00;238.000,00;224.000,00;False;80;0;0;FEMENINO
51;3243655312099;Perfumes;Christine Darvin;Aubana;340.000,00;289.000,00;272.000,00;False;100;0;0;FEMENINO
52;8715658997795;Perfumes;Omerta;Beautiful Pink;260.000,00;221.000,00;208.000,00;False;100;0;0;FEMENINO
53;679602212434;Perfumes;Mavive;Pino Silvestre Original;260.000,00;221.000,00;208.000,00;False;40;0;0;MASCULINO
54;892456000150;Perfumes;Animale Group;Animale for Men;260.000,00;221.000,00;208.000,00;False;30;0;0;MASCULINO
55;892456000013;Perfumes;Animale Group;Animale for Women;260.000,00;221.000,00;208.000,00;False;30;0;0;FEMENINO
56;3331432800102;Perfumes;Parfums Café;Intenso by Café;260.000,00;221.000,00;208.000,00;False;30;0;0;FEMENINO
57;8411061401705;Perfumes;Puig;Agua Brava;280.000,00;238.000,00;224.000,00;False;100;0;0;MASCULINO
58;3349666007891;Perfumes;Paco Rabanne;1 Million;590.000,00;501.500,00;472.000,00;False;50;0;0;MASCULINO
59;8411061341803;Perfumes;Carolina Herrera;212 Men NYC;390.000,00;331.500,00;312.000,00;False;30;0;0;MASCULINO
60;8011003814305;Perfumes;Euroitalia;Cheap and Chic Moschino Chic Petals;590.000,00;501.500,00;472.000,00;False;100;0;0;FEMENINO
61;3607348556700;Perfumes;Calvin Klein;Eternity Aqua;650.000,00;552.500,00;520.000,00;False;100;0;0;FEMENINO
62;85805114435;Perfumes;Elizabeth Arden;Red Door;360.000,00;306.000,00;288.000,00;False;30;0;0;FEMENINO
63;6936711314751;Perfumes;Carlotta Zuofun;Brand Collection N° 001;240.000,00;204.000,00;192.000,00;False;25;0;0;MASCULINO
64;6936711314799;Perfumes;Carlotta Zuofun;Brand Collection N° 005;240.000,00;204.000,00;192.000,00;False;25;0;0;MASCULINO
65;6936711314829;Perfumes;Carlotta Zuofun;Brand Collection N° 008;240.000,00;204.000,00;192.000,00;False;25;0;0;MASCULINO
66;3700608300011;Perfumes;Gilles Cantuel;Arsenal Blue;380.000,00;323.000,00;304.000,00;False;100;0;0;MASCULINO
67;3700608300010;Perfumes;Gilles Cantuel;Arsenal Gold;380.000,00;323.000,00;304.000,00;False;100;0;0;MASCULINO
68;8410225518235;Perfumes;Ágata Ruiz de la Prada;Oh La La!;290.000,00;246.500,00;232.000,00;False;100;0;0;FEMENINO
69;6295124016745;Perfumes;Alta Moda;Sweet Dreams;260.000,00;221.000,00;208.000,00;False;100;0;0;FEMENINO
70;855714004000;Perfumes;Stella Dustin;Self pour Homme;340.000,00;289.000,00;272.000,00;False;100;0;0;MASCULINO
71;8411061722756;Perfumes;Antonio Banderas;The Golden Secret;380.000,00;323.000,00;304.000,00;False;100;0;0;MASCULINO
72;8411061587911;Perfumes;Antonio Banderas;Antonio (Tester);280.000,00;238.000,00;224.000,00;False;100;0;0;MASCULINO
73;8411061863954;Perfumes;Carolina Herrera;CHHC Privée;650.000,00;552.500,00;520.000,00;False;50;0;0;FEMENINO
74;8411061645407;Perfumes;Antonio Banderas;Spirit for Men (After Shave);150.000,00;127.500,00;120.000,00;False;30;0;0;MASCULINO
76;2;Perfumes;Azzaro;Club N° 1;260.000,00;221.000,00;208.000,00;False;100;0;0;MASCULINO
78;5425017736363;Perfumes;Parfums Des Champs;Cuba Royal for Men;240.000,00;204.000,00;192.000,00;False;100;0;0;MASCULINO
79;8411061833421;Perfumes;Antonio Banderas;Her Golden Secret Kit;420.000,00;357.000,00;336.000,00;False;80;0;0;FEMENINO
80;8411061860564;Perfumes;Antonio Banderas;The Secret Temptation;280.000,00;238.000,00;224.000,00;False;50;0;0;MASCULINO
88;855714004017;Perfumes;Stella Dustin;La Priére;290.000,00;246.500,00;232.000,00;False;100;0;0;FEMENINO
89;8431754501512;Perfumes;Jesús Del Pozo;Halloween Man Rock On;360.000,00;306.000,00;288.000,00;False;75;0;0;MASCULINO
90;8411061558423;Perfumes;Carolina Herrera;212 Sexy;390.000,00;331.500,00;312.000,00;False;30;0;0;FEMENINO
91;5425017735076;Perfumes;New Brand Perfumes;Prestige Princess Dreaming;260.000,00;221.000,00;208.000,00;False;100;0;0;FEMENINO
92;3145891264500;Perfumes;Chanel;Chance;750.000,00;637.500,00;600.000,00;False;50;0;0;FEMENINO
93;8411061722176;Perfumes;Shakira;Eau Florale;280.000,00;238.000,00;224.000,00;False;50;0;0;FEMENINO
94;3700134404381;Perfumes;Karen Low;Pure Pink for Women;360.000,00;306.000,00;288.000,00;False;50;0;0;FEMENINO
95;892456000174;Perfumes;Animale Group;Animale for Men;560.000,00;476.000,00;448.000,00;False;100;0;0;MASCULINO
96;5425039220079;Perfumes;Master of New Brand;Essence for Women;260.000,00;221.000,00;208.000,00;False;100;0;0;FEMENINO
97;5425039220062;Perfumes;Master of New Brand;Essence for Men;260.000,00;221.000,00;208.000,00;False;100;0;0;MASCULINO
98;8411061854761;Perfumes;Antonio Banderas;Play in Black Seduction;380.000,00;323.000,00;304.000,00;False;100;0;0;MASCULINO
99;8411061705919;Perfumes;Antonio Banderas;Mediterráneo;320.000,00;272.000,00;256.000,00;False;200;0;0;MASCULINO
100;8411061819623;Perfumes;Antonio Banderas;King of Seduction Absolute;280.000,00;238.000,00;224.000,00;False;50;0;0;MASCULINO
101;6291103661258;Perfumes;Emper;Legend;360.000,00;306.000,00;288.000,00;False;100;0;0;MASCULINO
102;3137370205029;Perfumes;Nina Ricci;Les Belles de Nina;560.000,00;476.000,00;448.000,00;False;30;0;0;FEMENINO
103;8011003991143;Perfumes;Euroitalia;Cheap and Chic Moschino I Love Love;520.000,00;442.000,00;416.000,00;False;50;0;0;FEMENINO
104;3331432180037;Perfumes;Parfums Café;café - café;320.000,00;272.000,00;256.000,00;False;100;0;0;FEMENINO
105;737052139906;Perfumes;P&G Prestige Beauté;Hugo Boss Energise;590.000,00;501.500,00;472.000,00;False;75;0;0;MASCULINO
107;8411061411919;Perfumes;Puig;Quorum;390.000,00;331.500,00;312.000,00;False;100;0;0;MASCULINO
108;3349668021345;Perfumes;Paco Rabanne;Paco Rabanne pour Homme;590.000,00;501.500,00;472.000,00;False;100;0;0;MASCULINO
109;3331430066043;Perfumes;Parfums Café;Café;320.000,00;272.000,00;256.000,00;False;100;0;0;FEMENINO
112;7640163970692;Perfumes;Grès;Cabotine Kit (3 piezas);420.000,00;357.000,00;336.000,00;False;100;0;0;FEMENINO
113;3351500980406;Perfumes;Azzaro;Azzaro pour Homme;490.000,00;416.500,00;392.000,00;False;100;0;0;MASCULINO
114;737052319995;Perfumes;P&G Prestige Beauté;Hugo Boss Man;380.000,00;323.000,00;304.000,00;False;40;0;0;MASCULINO
115;8411061711774;Perfumes;Carolina Herrera;212 Vip NYC;390.000,00;331.500,00;312.000,00;False;30;0;0;FEMENINO
116;8002135111998;Perfumes;Ferrari Fragrances;Scuderia Ferrari Black;380.000,00;323.000,00;304.000,00;False;75;0;0;MASCULINO
117;8411061636268;Perfumes;Antonio Banderas;Blue Seduction;380.000,00;323.000,00;304.000,00;False;100;0;0;MASCULINO
118;3137370180333;Perfumes;Nina Ricci;Les Belles de Nina;650.000,00;552.500,00;520.000,00;False;50;0;0;FEMENINO
119;6291103661005;Perfumes;Emper;SaGa Pink;340.000,00;289.000,00;272.000,00;False;100;0;0;FEMENINO
120;663350052374;Perfumes;Air-Val International;Colonia Corporal Barbie;260.000,00;221.000,00;208.000,00;False;200;0;0;FEMENINO
121;663350063523;Perfumes;Air-Val International;Colonia Corporal Sofia the First;260.000,00;221.000,00;208.000,00;False;200;0;0;FEMENINO
122;663350052411;Perfumes;Air-Val International;Colonia Fresca Cars;260.000,00;221.000,00;208.000,00;False;200;0;0;MASCULINO
123;8411114079660;Perfumes;Air-Val International;Colonia Fresca Super Wings;260.000,00;221.000,00;208.000,00;False;200;0;0;MASCULINO
124;8411061670989;Perfumes;Carolina Herrera;212 Sexy Men;390.000,00;331.500,00;312.000,00;False;30;0;0;MASCULINO
125;88300105519;Perfumes;Calvin Klein;Eternity for Men;490.000,00;416.500,00;392.000,00;False;100;0;0;MASCULINO
126;3607343811835;Perfumes;Calvin Klein;One;490.000,00;416.500,00;392.000,00;False;100;0;0;MASCULINO
127;719346065399;Perfumes;EA Fragrances;Fantasy Britney Spears;360.000,00;306.000,00;288.000,00;False;50;0;0;FEMENINO
128;5425017730620;Perfumes;New Brand Perfumes;Forever;260.000,00;221.000,00;208.000,00;False;100;0;0;FEMENINO
129;3349668161546;Perfumes;Paco Rabanne;Black XS;490.000,00;416.500,00;392.000,00;False;50;0;0;MASCULINO
130;3351500920006;Perfumes;Azzaro;Chrome;290.000,00;246.500,00;232.000,00;False;30;0;0;MASCULINO
131;8411061607169;Perfumes;Carolina Herrera;CHHC;650.000,00;552.500,00;520.000,00;False;50;0;0;FEMENINO
132;8411061869253;Perfumes;Carolina Herrera;212 VIP Men;590.000,00;501.500,00;472.000,00;False;50;0;0;MASCULINO
133;663350055368;Perfumes;Air-Val International;Finding Dory;260.000,00;221.000,00;208.000,00;False;100;0;0;FEMENINO
134;8411061341704;Perfumes;Carolina Herrera;212 Men NYC;590.000,00;501.500,00;472.000,00;False;50;0;0;MASCULINO
135;8411061636329;Perfumes;Antonio Banderas;Blue Seduction (Tester);350.000,00;297.500,00;280.000,00;False;80;0;0;MASCULINO
136;8411061602539;Perfumes;Carolina Herrera;212 Men Sexy;590.000,00;501.500,00;472.000,00;False;50;0;0;MASCULINO
137;8002135088894;Perfumes;Ferrari Fragrances;Scuderia Ferrari;380.000,00;323.000,00;304.000,00;False;75;0;0;MASCULINO
138;719346610957;Perfumes;EA Fragrances;Fantasy Britney Spears kit;360.000,00;306.000,00;288.000,00;False;30;0;0;FEMENINO
140;8411061701041;Perfumes;Antonio Banderas;The Secret;280.000,00;238.000,00;224.000,00;False;50;0;0;MASCULINO
141;8411061722794;Perfumes;Antonio Banderas;The Golden Secret (Tester);350.000,00;297.500,00;280.000,00;False;100;0;0;MASCULINO
142;3700134405968;Perfumes;Estelle Ewen;l'Oriental White Edition;340.000,00;289.000,00;272.000,00;False;100;0;0;MASCULINO
143;3700134405180;Perfumes;Estelle Ewen;l'Oriental Men;340.000,00;289.000,00;272.000,00;False;100;0;0;MASCULINO
144;3700134409034;Perfumes;Estelle Ewen;l'Oriental Icon;340.000,00;289.000,00;272.000,00;False;100;0;0;MASCULINO
145;8411061777183;Perfumes;Carolina Herrera;212 Vip Rosé;650.000,00;552.500,00;520.000,00;False;50;0;0;FEMENINO
146;3331430740035;Perfumes;Cofinluxe;Taxi;260.000,00;221.000,00;208.000,00;False;100;0;0;MASCULINO
147;892456000167;Perfumes;Animale Group;Animale for Men;360.000,00;306.000,00;288.000,00;False;50;0;0;MASCULINO
148;3349668515660;Perfumes;Paco Rabanne;Invictus;750.000,00;637.500,00;600.000,00;False;100;0;0;MASCULINO
149;3326240816698;Perfumes;Ulric de Varens;UDV for Men;260.000,00;221.000,00;208.000,00;False;100;0;0;MASCULINO
150;5425017736134;Perfumes;Parfums Des Champs;Cuba Original Winner;260.000,00;221.000,00;208.000,00;False;100;0;0;MASCULINO
151;8018365260757;Perfumes;Euroitalia;Versace Blue Jeans Man;490.000,00;416.500,00;392.000,00;False;75;0;0;MASCULINO
152;8018737922;Perfumes;Calvin Klein;Eternity;620.000,00;527.000,00;496.000,00;False;100;0;0;FEMENINO
153;8411061754467;Perfumes;Pacha Ibiza;Privé;260.000,00;221.000,00;208.000,00;False;100;0;0;FEMENINO
154;3360373000074;Perfumes;Cacharel;Lou Lou;390.000,00;331.500,00;312.000,00;False;30;0;0;FEMENINO
155;878813001275;Perfumes;Animale Group;Animale Black;260.000,00;221.000,00;208.000,00;False;30;0;0;MASCULINO
156;8411061820117;Perfumes;Antonio Banderas;Queen of Seduction;280.000,00;238.000,00;224.000,00;False;50;0;0;FEMENINO
157;8411061860441;Perfumes;Antonio Banderas;Her Secret Temptation;280.000,00;238.000,00;224.000,00;False;50;0;0;FEMENINO
158;22548024317;Perfumes;Tommy Hilfiger;tommy;520.000,00;442.000,00;416.000,00;False;50;0;0;MASCULINO
159;8411061081709;Perfumes;Carolina Herrera;Herrera for Men;520.000,00;442.000,00;416.000,00;False;50;0;0;MASCULINO
160;88300162505;Perfumes;Calvin Klein;Euphoria;650.000,00;552.500,00;520.000,00;False;100;0;0;FEMENINO
161;6291103660398;Perfumes;Emper;Fassio Essence;290.000,00;246.500,00;232.000,00;False;100;0;0;FEMENINO
162;3274878122509;Perfumes;Givenchy;Amarige;390.000,00;331.500,00;312.000,00;False;30;0;0;FEMENINO
163;3145891074505;Perfumes;Chanel;Bleu;890.000,00;756.500,00;712.000,00;False;50;0;0;MASCULINO
164;88300101306;Perfumes;Calvin Klein;Eternity;490.000,00;416.500,00;392.000,00;False;50;0;0;FEMENINO
165;88300608409;Perfumes;Calvin Klein;Escape;650.000,00;552.500,00;520.000,00;False;100;0;0;FEMENINO
166;8411061894026;Perfumes;Carolina Herrera;212 NYC;650.000,00;552.500,00;520.000,00;False;60;0;0;FEMENINO
167;8411061896259;Perfumes;Carolina Herrera;212 Men NYC;590.000,00;501.500,00;472.000,00;False;50;0;0;MASCULINO
168;719346065399;Perfumes;EA Fragrances;Britney Spears Fantasy;490.000,00;416.500,00;392.000,00;False;50;0;0;FEMENINO
169;737052036649;Perfumes;Dolce & Gabbana;the one;650.000,00;552.500,00;520.000,00;False;100;0;0;MASCULINO
170;663350053647;Perfumes;Air-Val International;Colonia Corporal Minnie;260.000,00;221.000,00;208.000,00;False;200;0;0;FEMENINO
171;8411114079707;Perfumes;Air-Val International;Colonia Fresca PJMasks;260.000,00;221.000,00;208.000,00;False;200;0;0;MASCULINO
172;22548024324;Perfumes;Tommy Hilfiger;tommy;650.000,00;552.500,00;520.000,00;False;100;0;0;MASCULINO
175;88300162543;Perfumes;Calvin Klein;Euphoria;560.000,00;476.000,00;448.000,00;False;50;0;0;FEMENINO
176;8411061786345;Perfumes;Carolina Herrera;CHHC Men Privé;590.000,00;501.500,00;472.000,00;False;50;0;0;MASCULINO
177;737052664026;Perfumes;P&G Prestige Beauté;Hugo Boss Man;490.000,00;416.500,00;392.000,00;False;75;0;0;MASCULINO
178;88300607686;Perfumes;Calvin Klein;One;380.000,00;323.000,00;304.000,00;False;50;0;0;MASCULINO
179;3331430066029;Perfumes;Parfums Café;café;260.000,00;221.000,00;208.000,00;False;60;0;0;FEMENINO
181;8411061738009;Perfumes;Antonio Banderas;Her Secret;280.000,00;238.000,00;224.000,00;False;50;0;0;FEMENINO
182;8411061771907;Perfumes;Antonio Banderas;Diavolo;350.000,00;297.500,00;280.000,00;False;100;0;0;MASCULINO
183;3274870012143;Perfumes;Givenchy;Gentlemen Only;650.000,00;552.500,00;520.000,00;False;50;0;0;MASCULINO
184;3365440226708;Perfumes;Yves Saint Laurent;Manifesto;850.000,00;722.500,00;680.000,00;False;90;0;0;MASCULINO
185;88300104406;Perfumes;Calvin Klein;Be;490.000,00;416.500,00;392.000,00;False;100;0;0;MASCULINO
186;663350062403;Perfumes;Air-Val International;Colonia Fresca Minions;260.000,00;221.000,00;208.000,00;False;200;0;0;MASCULINO
187;8411114079660;Perfumes;Air-Val International;Colonia Fresca Super Wings;260.000,00;221.000,00;208.000,00;False;200;0;0;MASCULINO
188;8411061697283;Perfumes;Shakira;S (Clásico);390.000,00;331.500,00;312.000,00;False;80;0;0;FEMENINO
189;3386460062688;Perfumes;Lanvin Parfums;Me L'Absolu;650.000,00;552.500,00;520.000,00;False;50;0;0;FEMENINO
190;3349668515653;Perfumes;Paco Rabanne;Invictus;590.000,00;501.500,00;472.000,00;False;50;0;0;MASCULINO
191;5425017732396;Perfumes;Parfums Des Champs;Cuba Original;260.000,00;221.000,00;208.000,00;False;100;0;0;MASCULINO
192;3349668543021;Perfumes;Paco Rabanne;Invictus;720.000,00;612.000,00;576.000,00;False;100;0;0;MASCULINO
193;5425017732402;Perfumes;Parfums Des Champs;Cuba Black for Men;240.000,00;204.000,00;192.000,00;False;100;0;0;MASCULINO
194;3326240726676;Perfumes;Ulric de Varens;Jacques Saint Press Isa;260.000,00;221.000,00;208.000,00;False;100;0;0;FEMENINO
195;3326240003852;Perfumes;Ulric de Varens;Blue;260.000,00;221.000,00;208.000,00;False;100;0;0;MASCULINO
196;3430750040174;Perfumes;Jeanne Arthes;Boum Sport;260.000,00;221.000,00;208.000,00;False;100;0;0;MASCULINO
197;8411061665039;Perfumes;Carolina Herrera;CHHC Men;650.000,00;552.500,00;520.000,00;False;50;0;0;MASCULINO
198;3348900417885;Perfumes;Christian Dior;J'Adore;850.000,00;722.500,00;680.000,00;False;50;0;0;FEMENINO
199;8431754341019;Perfumes;Jesús Del Pozo;Halloween;360.000,00;306.000,00;288.000,00;False;50;0;0;FEMENINO
200;892456000976;Perfumes;Animale Group;Love Animale;380.000,00;323.000,00;304.000,00;False;50;0;0;FEMENINO
201;5425039220338;Perfumes;New Brand Perfumes;Fashionista;260.000,00;221.000,00;208.000,00;False;100;0;0;FEMENINO
202;5425017732273;Perfumes;Parfums Des Champs;Cuba Original Set Gold for Men;280.000,00;238.000,00;224.000,00;False;100;0;0;MASCULINO
203;6295124005497;Perfumes;Sapil;Chantage;260.000,00;221.000,00;208.000,00;False;100;0;0;FEMENINO
205;3494800042044;Perfumes;Marina de Bourbon;Princesse Clasique;290.000,00;246.500,00;232.000,00;False;30;0;0;FEMENINO
206;802822001650;Perfumes;New Brand Perfumes;K'men for Men;260.000,00;221.000,00;208.000,00;False;100;0;0;MASCULINO
207;8411061831304;Perfumes;Carolina Herrera;212 Vip Men NYC Kit;750.000,00;637.500,00;600.000,00;False;100;0;0;MASCULINO
209;88300101405;Perfumes;Calvin Klein;Eternity;650.000,00;552.500,00;520.000,00;False;100;0;0;FEMENINO
210;5425039220178;Perfumes;Chic 'N Glam Perfumes;Blue Diamond for Women;260.000,00;221.000,00;208.000,00;False;100;0;0;FEMENINO
211;663350073560;Perfumes;Air-Val International;Paw Patrol;260.000,00;221.000,00;208.000,00;False;200;0;0;MASCULINO
212;8411061876817;Perfumes;Antonio Banderas;Her Golden Secret Kit;420.000,00;357.000,00;336.000,00;False;80;0;0;FEMENINO
213;8411061853160;Perfumes;Carolina Herrera;212 Men NYC;750.000,00;637.500,00;600.000,00;False;100;0;0;MASCULINO
214;88300178278;Perfumes;Calvin Klein;Euphoria;490.000,00;416.500,00;392.000,00;False;100;0;0;MASCULINO
215;7640111492030;Perfumes;Grès;Cabotine Kit 100 200;420.000,00;357.000,00;336.000,00;False;100;0;0;FEMENINO
216;8411061701034;Perfumes;Antonio Banderas;The Secret;380.000,00;323.000,00;304.000,00;False;100;0;0;MASCULINO
217;8411061722756;Perfumes;Antonio Banderas;The Golden Secret;380.000,00;323.000,00;304.000,00;False;100;0;0;MASCULINO
218;737052413204;Perfumes;Lacoste;Bleu - Powerful;650.000,00;552.500,00;520.000,00;False;100;0;0;MASCULINO
219;3473460001035;Perfumes;Fragantia Secrets;Predator Paris for Men;260.000,00;221.000,00;208.000,00;False;100;0;0;MASCULINO
220;3349668508488;Perfumes;Paco Rabanne;Lady Million;650.000,00;552.500,00;520.000,00;False;50;0;0;FEMENINO
221;892456000334;Perfumes;Animale Group;Animale Intense;360.000,00;306.000,00;288.000,00;False;50;0;0;MASCULINO
222;8002135069329;Perfumes;Ferrari Fragrances;Ferrari Uomo;260.000,00;221.000,00;208.000,00;False;30;0;0;MASCULINO
223;3351500980802;Perfumes;Azzaro;Azzaro pour Homme;390.000,00;331.500,00;312.000,00;False;50;0;0;MASCULINO
224;85805390402;Perfumes;Elizabeth Arden;5th Avenue;360.000,00;306.000,00;288.000,00;False;30;0;0;FEMENINO
225;719346159357;Perfumes;EA Fragrances;Britney Spears Fantasy Twist 2 in 1;390.000,00;331.500,00;312.000,00;False;30;0;0;FEMENINO
226;3700608300102;Perfumes;Via Paris Parfums;Laloa Sexy;260.000,00;221.000,00;208.000,00;False;100;0;0;FEMENINO
227;6949063982769;Perfumes;Sex in the City;Good Girl (crema);180.000,00;153.000,00;144.000,00;False;200;0;0;FEMENINO
228;6949063982768;Perfumes;Sex in the City;Fantasy (crema);180.000,00;153.000,00;144.000,00;False;200;0;0;FEMENINO
229;3349668513970;Perfumes;Paco Rabanne;Ultraviolet kit;730.000,00;620.500,00;584.000,00;False;80;0;0;FEMENINO
230;3349668508471;Perfumes;Paco Rabanne;Lady Million;540.000,00;459.000,00;432.000,00;False;30;0;0;FEMENINO
231;3349666007921;Perfumes;Paco Rabanne;1 Million;750.000,00;637.500,00;600.000,00;False;100;0;0;MASCULINO
232;3274870373251;Perfumes;Givenchy;ange ou démon;790.000,00;671.500,00;632.000,00;False;50;0;0;FEMENINO
233;5045252667392;Perfumes;Burberry Fragances;Burberry for Men;620.000,00;527.000,00;496.000,00;False;100;0;0;MASCULINO
234;6949063982721;Perfumes;Sex in the City;Olympea (crema);180.000,00;153.000,00;144.000,00;False;200;0;0;FEMENINO
235;8411061860533;Perfumes;Antonio Banderas;The Secret Temptation (tester);360.000,00;306.000,00;288.000,00;False;100;0;0;MASCULINO
236;8411061921081;Perfumes;Antonio Banderas;Miami Seduction;360.000,00;306.000,00;288.000,00;False;100;0;0;MASCULINO
237;8411061770795;Perfumes;Antonio Banderas;Her Golden Secret;380.000,00;323.000,00;304.000,00;False;80;0;0;FEMENINO
240;85805558420;Perfumes;Elizabeth Arden;Red Door;540.000,00;459.000,00;432.000,00;False;100;0;0;FEMENINO
241;3412242610089;Perfumes;Adidas;Ice Dive;260.000,00;221.000,00;208.000,00;False;100;0;0;MASCULINO
243;737052413174;Perfumes;Lacoste;L1212 Blanc Pure;620.000,00;527.000,00;496.000,00;False;100;0;0;MASCULINO
244;3360372009436;Perfumes;Guy Laroche;Drakkar Noir;490.000,00;416.500,00;392.000,00;False;100;0;0;MASCULINO
245;5045254676101;Perfumes;Burberry Fragances;Baby Touch;590.000,00;501.500,00;472.000,00;False;100;0;0;MASCULINO
246;8330233101020;Perfumes;Dolce & Gabbana;the one;720.000,00;612.000,00;576.000,00;False;50;0;0;MASCULINO
247;3348901016278;Perfumes;Christian Dior;Miss Dior;850.000,00;722.500,00;680.000,00;False;50;0;0;FEMENINO
248;8411061061107;Perfumes;Carolina Herrera;Carolina Herrera New York;620.000,00;527.000,00;496.000,00;False;100;0;0;MASCULINO
249;8411061865460;Perfumes;Carolina Herrera;212 Sexy;620.000,00;527.000,00;496.000,00;False;60;0;0;MASCULINO
250;8005610325507;Perfumes;P&G Prestige Beauté;Gabriela Sabatini;360.000,00;306.000,00;288.000,00;False;60;0;0;FEMENINO
251;8431754501017;Perfumes;Jesús Del Pozo;Halloween Man Rock On;360.000,00;306.000,00;288.000,00;False;50;0;0;MASCULINO
252;3274871935861;Perfumes;Givenchy;Gentleman;650.000,00;552.500,00;520.000,00;False;100;0;0;MASCULINO
253;8411061819838;Perfumes;Carolina Herrera;Good Girl;890.000,00;756.500,00;712.000,00;False;50;0;0;FEMENINO
254;3360372100515;Perfumes;Giorgio Armani;Armani Code;690.000,00;586.500,00;552.000,00;False;50;0;0;MASCULINO
255;663350059830;Perfumes;Air-Val International;Barbie Pack;260.000,00;221.000,00;208.000,00;False;50;0;0;FEMENINO
256;3352818517803;Perfumes;Kenzo;Flower by Kenzo;620.000,00;527.000,00;496.000,00;False;50;0;0;FEMENINO
257;6949063982707;Perfumes;Sex in the City;212 Vip Rose (Crema);180.000,00;153.000,00;144.000,00;False;200;0;0;FEMENINO
258;5425017732792;Perfumes;New Brand Perfumes;Monaco;260.000,00;221.000,00;208.000,00;False;100;0;0;FEMENINO
259;88300605514;Perfumes;Calvin Klein;Eternity for Men;490.000,00;416.500,00;392.000,00;False;100;0;0;MASCULINO
260;5425017735854;Perfumes;New Brand Perfumes;Air Force Army;260.000,00;221.000,00;208.000,00;False;100;0;0;MASCULINO
261;88300107407;Perfumes;Calvin Klein;One;490.000,00;416.500,00;392.000,00;False;100;0;0;MASCULINO
262;5425017732785;Perfumes;New Brand Perfumes;Monaco for Men;260.000,00;221.000,00;208.000,00;False;100;0;0;MASCULINO
263;8411061695951;Perfumes;Antonio Banderas;Seduction in Black;380.000,00;323.000,00;304.000,00;False;100;0;0;MASCULINO
264;3607342401105;Perfumes;Calvin Klein;One Shock;520.000,00;442.000,00;416.000,00;False;100;0;0;MASCULINO
265;840430138;Perfumes;Unforgettable Moments;SXY;240.000,00;204.000,00;192.000,00;False;50;0;0;FEMENINO
266;3145891236200;Perfumes;Chanel;Allure Homme sport;850.000,00;722.500,00;680.000,00;False;50;0;0;MASCULINO
267;8411061807842;Perfumes;Puig;Agua Brava Kit;360.000,00;306.000,00;288.000,00;False;100;0;0;MASCULINO
268;8411061607152;Perfumes;Carolina Herrera;CHHC;850.000,00;722.500,00;680.000,00;False;100;0;0;FEMENINO
269;8411061561232;Perfumes;Antonio Banderas;Spirit for Women;380.000,00;323.000,00;304.000,00;False;100;0;0;FEMENINO
270;5425017736424;Perfumes;Chic 'N Glam Perfumes;Pink Diamond for Women;260.000,00;221.000,00;208.000,00;False;100;0;0;FEMENINO
271;719346145879;Perfumes;EA Fragrances;Britney Spears Cosmic Radiance;390.000,00;331.500,00;312.000,00;False;30;0;0;FEMENINO
272;719346633772;Perfumes;EA Fragrances;Britney Spears Fantasy Kit 100;590.000,00;501.500,00;472.000,00;False;100;0;0;FEMENINO
273;737052074597;Perfumes;Dolce & Gabbana;Rojo;490.000,00;416.500,00;392.000,00;False;25;0;0;MASCULINO
274;3595471021021;Perfumes;INCC;Mercedes Benz for Men;490.000,00;416.500,00;392.000,00;False;75;0;0;MASCULINO
275;8411061865439;Perfumes;Carolina Herrera;212 Sexy;950.000,00;807.500,00;760.000,00;False;100;0;0;FEMENINO
276;3351500920037;Perfumes;Azzaro;Chrome;490.000,00;416.500,00;392.000,00;False;100;0;0;MASCULINO
277;852539003027;Perfumes;Give Back Brands;Someday by Justin Bieber;490.000,00;416.500,00;392.000,00;False;100;0;0;MASCULINO
278;45X123400T12339;Perfumes;Cadillac;Cadillac Black;460.000,00;391.000,00;368.000,00;False;100;0;0;MASCULINO
279;663350065725;Perfumes;Air-Val International;Real Madrid;340.000,00;289.000,00;272.000,00;False;100;0;0;MASCULINO
280;667538582004;Perfumes;Victoria's Secret;Mango Temptation;260.000,00;221.000,00;208.000,00;False;250;0;0;FEMENINO
281;3274878222568;Perfumes;Givenchy;Pi;720.000,00;612.000,00;576.000,00;False;100;0;0;FEMENINO
282;8435415012638;Perfumes;Jean Paul Gaultier;Le Male;590.000,00;501.500,00;472.000,00;False;75;0;0;MASCULINO
283;8411061876039;Perfumes;Shakira;Dance Diamonds;290.000,00;246.500,00;232.000,00;False;50;0;0;FEMENINO
284;663350050530;Perfumes;Air-Val International;Barbie;290.000,00;246.500,00;232.000,00;False;100;0;0;FEMENINO
285;892456000037;Perfumes;Animale Group;Animale for Women;460.000,00;391.000,00;368.000,00;False;100;0;0;FEMENINO
286;8411061723777;Perfumes;Carolina Herrera;212 VIP Men NYC;590.000,00;501.500,00;472.000,00;False;50;0;0;MASCULINO
287;3386460028332;Perfumes;Interparfums;Mont Blanc Presence;490.000,00;416.500,00;392.000,00;False;50;0;0;MASCULINO
288;3607342771215;Perfumes;Calvin Klein;One Red Edition;490.000,00;416.500,00;392.000,00;False;100;0;0;MASCULINO
289;8411061820186;Perfumes;Antonio Banderas;Queen of Seduction kit;420.000,00;357.000,00;336.000,00;False;50;0;0;FEMENINO
290;88300601301;Perfumes;Calvin Klein;Eternity;490.000,00;416.500,00;392.000,00;False;50;0;0;MASCULINO
291;737052893914;Perfumes;P&G Prestige Beauté;Hugo Boss Woman;620.000,00;527.000,00;496.000,00;False;75;0;0;FEMENINO
292;737052852034;Perfumes;P&G Prestige Beauté;Hugo Boss In Motion Orange;590.000,00;501.500,00;472.000,00;False;90;0;0;MASCULINO
293;3137370310099;Perfumes;Nina Ricci;Ricci Ricci;690.000,00;586.500,00;552.000,00;False;80;0;0;FEMENINO
294;6949063982745;Perfumes;Sex in the City;212 Sexy (crema);180.000,00;153.000,00;144.000,00;False;200;0;0;FEMENINO
295;737052713984;Perfumes;P&G Prestige Beauté;Hugo Boss Man;590.000,00;501.500,00;472.000,00;False;125;0;0;MASCULINO
296;3349668111541;Perfumes;Paco Rabanne;XS Excess pour Homme;590.000,00;501.500,00;472.000,00;False;50;0;0;MASCULINO
297;8411061854853;Perfumes;Antonio Banderas;Play in Black Seduction (tester);320.000,00;272.000,00;256.000,00;False;100;0;0;MASCULINO
298;8411061889534;Perfumes;Antonio Banderas;The Golden Secret (tester);320.000,00;272.000,00;256.000,00;False;80;0;0;MASCULINO
299;8411061917510;Perfumes;Antonio Banderas;Power of Seduction;280.000,00;238.000,00;224.000,00;False;50;0;0;MASCULINO
300;679602461108;Perfumes;Mavive;Police Woman Passion;490.000,00;416.500,00;392.000,00;False;100;0;0;FEMENINO
301;3326240040024;Perfumes;Ulric de Varens;Flash;260.000,00;221.000,00;208.000,00;False;100;0;0;MASCULINO
302;8433982002250;Perfumes;Benetton;United Dreams;360.000,00;306.000,00;288.000,00;False;100;0;0;MASCULINO
303;5425039220093;Perfumes;Master of New Brand;Essence Gold for Women;260.000,00;221.000,00;208.000,00;False;100;0;0;FEMENINO
304;8411061781197;Perfumes;Carolina Herrera;212 VIP Rosé;390.000,00;331.500,00;312.000,00;False;30;0;0;FEMENINO
305;719346065405;Perfumes;EA Fragrances;Britney Spears Fantasy;590.000,00;501.500,00;472.000,00;False;100;0;0;FEMENINO
307;663350073362;Perfumes;Air-Val International;FC Barcelona;340.000,00;289.000,00;272.000,00;False;100;0;0;MASCULINO
308;3349666002506;Perfumes;Paco Rabanne;Black XS;620.000,00;527.000,00;496.000,00;False;50;0;0;MASCULINO
309;3351500002702;Perfumes;Azzaro;Wanted;650.000,00;552.500,00;520.000,00;False;100;0;0;MASCULINO
310;737052074313;Perfumes;Dolce & Gabbana;Light Blue;590.000,00;501.500,00;472.000,00;False;50;0;0;FEMENINO
311;3423470300154;Perfumes;Issey Miyake;L'Eau D'Issey;520.000,00;442.000,00;416.000,00;False;50;0;0;MASCULINO
312;88300139507;Perfumes;Calvin Klein;Eternity Moment;650.000,00;552.500,00;520.000,00;False;100;0;0;FEMENINO
313;3351500950027;Perfumes;Azzaro;Visit;490.000,00;416.500,00;392.000,00;False;100;0;0;MASCULINO
314;8411061711804;Perfumes;Carolina Herrera;212 VIP NYC;650.000,00;552.500,00;520.000,00;False;50;0;0;FEMENINO
315;875990000596;Perfumes;Nuparfums Group;Débutante;260.000,00;221.000,00;208.000,00;False;100;0;0;FEMENINO
316;8411061769249;Perfumes;Shakira;Elixir kit;340.000,00;289.000,00;272.000,00;False;50;0;0;FEMENINO
317;8411061723760;Perfumes;Carolina Herrera;212 VIP Men;720.000,00;612.000,00;576.000,00;False;100;0;0;MASCULINO
318;8411061860410;Perfumes;Antonio Banderas;Her Secret Temptation;380.000,00;323.000,00;304.000,00;False;80;0;0;FEMENINO
319;8411061081600;Perfumes;Carolina Herrera;Herrera for Men;650.000,00;552.500,00;520.000,00;False;100;0;0;MASCULINO
320;3423470311365;Perfumes;Issey Miyake;L'Eau D'Issey;750.000,00;637.500,00;600.000,00;False;100;0;0;MASCULINO
321;8411061251706;Perfumes;Carolina Herrera;212 NYC;690.000,00;586.500,00;552.000,00;False;60;0;0;MASCULINO
322;719346601887;Perfumes;EA Fragrances;Britney Spears Fantasy Anniversary;590.000,00;501.500,00;472.000,00;False;100;0;0;FEMENINO
323;8411061665022;Perfumes;Carolina Herrera;CHHC Men;750.000,00;637.500,00;600.000,00;False;100;0;0;MASCULINO
324;3349668508587;Perfumes;Paco Rabanne;Lady Million;850.000,00;722.500,00;680.000,00;False;80;0;0;FEMENINO
325;3423474867059;Perfumes;Issey Miyake;L'Eau D'Issey pour Homme Sport;560.000,00;476.000,00;448.000,00;False;50;0;0;MASCULINO
326;8011003809202;Perfumes;Euroitalia;Versace Eros;590.000,00;501.500,00;472.000,00;False;50;0;0;MASCULINO
327;8411061137017;Perfumes;Antonio Banderas;Spirit for Men;380.000,00;323.000,00;304.000,00;False;100;0;0;MASCULINO
328;3454090002890;Perfumes;Paris Elysees;Pink Topaz;260.000,00;221.000,00;208.000,00;False;100;0;0;FEMENINO
329;3454090002838;Perfumes;Paris Elysees;Billion Woman;260.000,00;221.000,00;208.000,00;False;100;0;0;FEMENINO
330;8411061839669;Perfumes;Antonio Banderas;Blue Seduction for women;380.000,00;323.000,00;304.000,00;False;80;0;0;FEMENINO
331;8411061865408;Perfumes;Carolina Herrera;212 NYC;650.000,00;552.500,00;520.000,00;False;100;0;0;MASCULINO
332;8411061341605;Perfumes;Carolina Herrera;212 Men NYC;650.000,00;552.500,00;520.000,00;False;100;0;0;MASCULINO
333;3700134406040;Perfumes;LAK Paris;Dania women;360.000,00;306.000,00;288.000,00;False;100;0;0;FEMENINO
334;5425017737087;Perfumes;New Brand Perfumes;Cute;260.000,00;221.000,00;208.000,00;False;100;0;0;FEMENINO
335;3274871939784;Perfumes;Kenzo;Madly;490.000,00;416.500,00;392.000,00;False;50;0;0;FEMENINO
336;3423473020516;Perfumes;Dolce & Gabbana;Light Blue;850.000,00;722.500,00;680.000,00;False;125;0;0;FEMENINO
337;8911061777176;Perfumes;Carolina Herrera;212 VIP Rosé;850.000,00;722.500,00;680.000,00;False;80;0;0;FEMENINO
338;3605532612768;Perfumes;Lancome;La Vie est Belle;890.000,00;756.500,00;712.000,00;False;50;0;0;FEMENINO
339;8411114073866;Perfumes;Air-Val International;Rayo McQueen;290.000,00;246.500,00;232.000,00;False;100;0;0;MASCULINO
340;3605522040281;Perfumes;Emporio Armani;Stronger with You;590.000,00;501.500,00;472.000,00;False;50;0;0;MASCULINO
341;3595200113768;Perfumes;Pacific Creation;Lolita Lempicka;590.000,00;501.500,00;472.000,00;False;100;0;0;FEMENINO
342;783320971525;Perfumes;Bulgari;Man;590.000,00;501.500,00;472.000,00;False;100;0;0;MASCULINO
343;8411061741696;Perfumes;Shakira;Elixir;280.000,00;238.000,00;224.000,00;False;50;0;0;FEMENINO
344;667538086168;Perfumes;Victoria's Secret;Coconut Passion;260.000,00;221.000,00;208.000,00;False;250;0;0;FEMENINO
345;3360377022911;Perfumes;Ralph Lauren;Polo blue;650.000,00;552.500,00;520.000,00;False;75;0;0;MASCULINO
346;3137370208303;Perfumes;Nina Ricci;Ricci Ricci;540.000,00;459.000,00;432.000,00;False;50;0;0;FEMENINO
347;8411061924693;Perfumes;Antonio Banderas;Spirit for men;280.000,00;238.000,00;224.000,00;False;50;0;0;MASCULINO
348;3700608320230;Perfumes;Gilles Cantuel;Arsenal red;390.000,00;331.500,00;312.000,00;False;100;0;0;MASCULINO
349;6944348501871;Perfumes;Parfums;1 Million Dollar;280.000,00;238.000,00;224.000,00;False;100;0;0;MASCULINO
350;6915924304964;Perfumes;Parfums;777 VVIP men;280.000,00;238.000,00;224.000,00;False;100;0;0;MASCULINO
351;6915924302700;Perfumes;Parfums;717 Men NYC;280.000,00;238.000,00;224.000,00;False;100;0;0;MASCULINO
352;6915924303134;Perfumes;Parfums;NYC Scents Invictus;280.000,00;238.000,00;224.000,00;False;100;0;0;MASCULINO
353;6915924304988;Perfumes;Parfums;NYC Scents Olympea;280.000,00;238.000,00;224.000,00;False;80;0;0;FEMENINO
354;5425039220086;Perfumes;Master of New Brand;Essence Platinum for men;260.000,00;221.000,00;208.000,00;False;100;0;0;MASCULINO
355;6915924303370;Perfumes;Parfums;NYC Scents Acqua Gio;280.000,00;238.000,00;224.000,00;False;100;0;0;MASCULINO
356;6915924303189;Perfumes;Parfums;NYC Scents J'Adore;280.000,00;238.000,00;224.000,00;False;100;0;0;FEMENINO
357;6915924303035;Perfumes;Parfums;NYC Scents CH;280.000,00;238.000,00;224.000,00;False;100;0;0;FEMENINO
358;6915924306616;Perfumes;Parfums;Nice Shoe CH Good Girl;280.000,00;238.000,00;224.000,00;False;80;0;0;FEMENINO
359;6915924303288;Perfumes;Parfums;NYC Scents Women Million;280.000,00;238.000,00;224.000,00;False;100;0;0;FEMENINO
360;3351500002696;Perfumes;Azzaro;Wanted;590.000,00;501.500,00;472.000,00;False;50;0;0;MASCULINO
361;737052352060;Perfumes;Hugo Boss;Bottled Night;650.000,00;552.500,00;520.000,00;False;100;0;0;MASCULINO
362;8002135111363;Perfumes;Ferrari Fragrances;Scuderia Ferrari Red;340.000,00;289.000,00;272.000,00;False;75;0;0;MASCULINO
363;663350057850;Perfumes;Air-Val International;Eau de Toilette in Minion Box;260.000,00;221.000,00;208.000,00;False;100;0;0;MASCULINO
364;7640111494027;Perfumes;Grès;Cabotine;390.000,00;331.500,00;312.000,00;False;100;0;0;FEMENINO
365;3442152259122;Perfumes;Yves de Sistelle;Only Me! Passion kit;380.000,00;323.000,00;304.000,00;False;100;0;0;FEMENINO
366;8411061916964;Perfumes;Shakira;Dream;290.000,00;246.500,00;232.000,00;False;50;0;0;FEMENINO
367;88300607402;Perfumes;Calvin Klein;One;490.000,00;416.500,00;392.000,00;False;100;0;0;MASCULINO
368;6915924303370;Perfumes;Parfums;NY Scents Acqua Gio;280.000,00;238.000,00;224.000,00;False;100;0;0;MASCULINO
369;6936711318254;Perfumes;Parfums;Beauty Girl;280.000,00;238.000,00;224.000,00;False;80;0;0;MASCULINO
370;667538086519;Perfumes;Victoria's Secret;Romantic;260.000,00;221.000,00;208.000,00;False;236;0;0;MASCULINO
371;737052074306;Perfumes;Dolce & Gabbana;Light Blue;490.000,00;416.500,00;392.000,00;False;25;0;0;FEMENINO
372;3423473020783;Perfumes;Dolce & Gabbana;Pour Homme;590.000,00;501.500,00;472.000,00;False;75;0;0;MASCULINO
373;3274870373268;Perfumes;Givenchy;ange ou démon;850.000,00;722.500,00;680.000,00;False;100;0;0;FEMENINO
374;8411061849378;Perfumes;Antonio Banderas;Diavolo;250.000,00;212.500,00;200.000,00;False;50;0;0;MASCULINO
375;7640163970708;Perfumes;Grès;Cabotine kit 2 piezas;360.000,00;306.000,00;288.000,00;False;100;0;0;FEMENINO
376;3349668568093;Perfumes;Paco Rabanne;Olympea;750.000,00;637.500,00;600.000,00;False;50;0;0;FEMENINO
377;737052139890;Perfumes;P&G Prestige Beauté;Hugo Boss Energise;750.000,00;637.500,00;600.000,00;False;125;0;0;MASCULINO
378;3423473020264;Perfumes;Dolce & Gabbana;Light Blue;590.000,00;501.500,00;472.000,00;False;50;0;0;FEMENINO
379;8411061865613;Perfumes;Carolina Herrera;212 Men Sexy;590.000,00;501.500,00;472.000,00;False;50;0;0;MASCULINO
380;8411061924099;Perfumes;Carolina Herrera;212 VIP Party Fever;850.000,00;722.500,00;680.000,00;False;80;0;0;FEMENINO
381;667538086359;Perfumes;Victoria's Secret;Temptation;260.000,00;221.000,00;208.000,00;False;236;0;0;FEMENINO
382;8410225524595;Perfumes;Ágata Ruiz de la Prada;Love Love Love;260.000,00;221.000,00;208.000,00;False;50;0;0;FEMENINO
383;663350062847;Perfumes;Air-Val International;Minions Alcancía;280.000,00;238.000,00;224.000,00;False;100;0;0;MASCULINO
384;737052624471;Perfumes;Lacoste;Eau de Lacoste for her;620.000,00;527.000,00;496.000,00;False;90;0;0;FEMENINO
386;8002135111974;Perfumes;Ferrari Fragrances;Scuderia Ferrari Black;420.000,00;357.000,00;336.000,00;False;125;0;0;MASCULINO
387;737052074436;Perfumes;Dolce & Gabbana;Pour Homme;490.000,00;416.500,00;392.000,00;False;40;0;0;MASCULINO
388;8411061823514;Perfumes;Carolina Herrera;Good Girl;620.000,00;527.000,00;496.000,00;False;30;0;0;FEMENINO
389;8411061918661;Perfumes;Antonio Banderas;Spirit for women kit;280.000,00;238.000,00;224.000,00;False;50;0;0;FEMENINO
390;8411061925065;Perfumes;Antonio Banderas;Her Secret Temptation kit;280.000,00;238.000,00;224.000,00;False;50;0;0;FEMENINO
391;3360372058861;Perfumes;Giorgio Armani;Acqua di Gio;590.000,00;501.500,00;472.000,00;False;50;0;0;MASCULINO
392;3274870352362;Perfumes;Givenchy;Very Irresistible;650.000,00;552.500,00;520.000,00;False;75;0;0;FEMENINO
393;8411061918302;Perfumes;Antonio Banderas;Blue Seduction kit;280.000,00;238.000,00;224.000,00;False;50;0;0;MASCULINO
394;8411061920312;Perfumes;Antonio Banderas;The Golden Secret kit;280.000,00;238.000,00;224.000,00;False;50;0;0;MASCULINO
395;8002135144033;Perfumes;Sergio Tacchini;Smash;460.000,00;391.000,00;368.000,00;False;100;0;0;MASCULINO
396;3145891164206;Perfumes;Chanel;Coco Mademoiselle;1.100.000,00;935.000,00;880.000,00;False;50;0;0;FEMENINO
397;3274872372153;Perfumes;Givenchy;L'Interdit;1.100.000,00;935.000,00;880.000,00;False;80;0;0;FEMENINO
398;3349668535484;Perfumes;Paco Rabanne;1 Million Privé;650.000,00;552.500,00;520.000,00;False;50;0;0;MASCULINO
399;783320913228;Perfumes;Bulgari;Aqva for Men;460.000,00;391.000,00;368.000,00;False;30;0;0;MASCULINO
400;5045252667453;Perfumes;Burberry Fragances;Burberry for Men;460.000,00;391.000,00;368.000,00;False;30;0;0;MASCULINO
401;3326240816698;Perfumes;Ulric de Varens;Ulric de Varens for men;260.000,00;221.000,00;208.000,00;False;100;0;0;MASCULINO
402;3349668528660;Perfumes;Paco Rabanne;Olympea;750.000,00;637.500,00;600.000,00;False;50;0;0;FEMENINO
403;3365440003842;Perfumes;Yves Saint Laurent;Kouros;520.000,00;442.000,00;416.000,00;False;50;0;0;MASCULINO
404;663350009736;Perfumes;Air-Val International;Minnie;260.000,00;221.000,00;208.000,00;False;100;0;0;FEMENINO
405;719346198592;Perfumes;EA Fragrances;Britney Spears Fantasy kit;360.000,00;306.000,00;288.000,00;False;50;0;0;FEMENINO
406;8411061918487;Perfumes;Antonio Banderas;Mediterráneo kit;280.000,00;238.000,00;224.000,00;False;50;0;0;MASCULINO
407;8411061948903;Perfumes;Antonio Banderas;Her Golden Secret;300.000,00;255.000,00;240.000,00;False;50;0;0;FEMENINO
408;8411061982617;Perfumes;Antonio Banderas;Blue Seduction for Women;300.000,00;255.000,00;240.000,00;False;50;0;0;FEMENINO
409;8411061029657;Perfumes;Antonio Banderas;Blue Seduction Wave;400.000,00;340.000,00;320.000,00;False;100;0;0;MASCULINO
410;667548800501;Perfumes;Victoria's Secret;Romantic;280.000,00;238.000,00;224.000,00;False;250;0;0;FEMENINO
411;8411061783375;Perfumes;Shakira;Rock!;300.000,00;255.000,00;240.000,00;False;50;0;0;FEMENINO
412;5425039220482;Perfumes;New Brand Perfumes;Story of New Brand;280.000,00;238.000,00;224.000,00;False;100;0;0;MASCULINO
413;5425039221489;Perfumes;New Brand Perfumes;Hola;280.000,00;238.000,00;224.000,00;False;100;0;0;FEMENINO
414;5425039220925;Perfumes;New Brand Perfumes;Prestige The NB;280.000,00;238.000,00;224.000,00;False;100;0;0;MASCULINO
415;8011003864089;Perfumes;Moschino;Toy 2;1.150.000,00;977.500,00;920.000,00;False;100;0;0;FEMENINO
416;7640171193458;Perfumes;Grès;Cabotine kit;450.000,00;382.500,00;360.000,00;False;100;0;0;FEMENINO
417;5425039222141;Perfumes;Parfums Des Champs;Cuba Silver;260.000,00;221.000,00;208.000,00;False;100;0;0;MASCULINO
