MARCA;PRODUCTO;sexo;precio
AGATHA RUIZ DE LA PRADA;BESO 100ML;MUJER;96.485
AGATHA RUIZ DE LA PRADA;BESO 50ML;MUJER;50.340
AGATHA RUIZ DE LA PRADA;BESO 100ML SET 2PCS;MUJER;113.265
AGATHA RUIZ DE LA PRADA;FLOR 100ML SET 2PCS;MUJER;113.265
AGATHA RUIZ DE LA PRADA;FLOR 100ML;MUJER;96.485
AGATHA RUIZ DE LA PRADA;LOVE 80ML;MUJER;104.875
AGATHA RUIZ DE LA PRADA;GOTAS 100ML;MUJER;96.485
AGATHA RUIZ DE LA PRADA;OH LA LA 100ML;MUJER;96.485
AGATHA RUIZ DE LA PRADA;LOVE FOR EVER 80ML;MUJER;83.900
AGATHA RUIZ DE LA PRADA;LOVE FOR EVER 80ML + DEO;MUJER;96.485
AGATHA RUIZ DE LA PRADA;LOVE GLAM 80ML;MUJER;96.485
ADIDAS;ADIDAS SURTIDOS;HOMBRE;29.365
ANTONIO BANDERAS;KING OF SEDUCTION 100ML EDT;HOMBRE;100.680
ANTONIO BANDERAS;MEDITERRANEO 100ML VARON;HOMBRE;83.900
ANTONIO BANDERAS;MEDITERRANEO 100 ML SET 2PCS;HOMBRE;92.290
ANTONIO BANDERAS;BLUE SEDUCTION 100ML SET - AFTER SHAVE 100ML;HOMBRE;125.850
ANTONIO BANDERAS;BLUE SEDUCTION 200ML EDT;HOMBRE;142.630
ANTONIO BANDERAS;BLUE SEDUCTION 100ML EDT VARON;HOMBRE;100.680
ANTONIO BANDERAS;BLUE SEDUCTION 100ML SET 2 PCS;MUJER;100.680
ANTONIO BANDERAS;BLUE SEDUCTION 100ML DAMA;MUJER;100.680
ANTONIO BANDERAS;BLUE SEDUCCION 200 ML EDT;MUJER;142.630
ANTONIO BANDERAS;BLACK SEDUCTION 100ML SET;HOMBRE;130.045
ANTONIO BANDERAS;BLACK SEDUCTION 100ML;HOMBRE;100.680
ANTONIO BANDERAS;BLACK SEDUCTION 200ML;HOMBRE;146.825
ANTONIO BANDERAS;GOLDEN SECRET 80ML DAMA;MUJER;100.680
ANTONIO BANDERAS;GOLDEN SECRET 200ML;HOMBRE;142.630
ANTONIO BANDERAS;HER SECRET 80ML SET 2PCS;MUJER;92.290
ANTONIO BANDERAS;THE SECRET VARON EDT 100 ML;HOMBRE;100.680
ANTONIO BANDERAS;THE SECRET VARON EDT 200 ML;HOMBRE;138.435
ANTONIO BANDERAS;THE GOLDEN SECRET 100ML;HOMBRE;100.680
ANTONIO BANDERAS;DIAVOLO 100 ML+ASH;HOMBRE;92.290
ANTONIO BANDERAS;DIAVOLO 100ML;HOMBRE;79.705
ANTONIO BANDERAS;TESTER DIAVOLO 100ML;T-HOMBRE;58.730
ANTONIO BANDERAS;DIAVOLO 100ML DAMA;MUJER;71.315
ANTONIO BANDERAS;SPIRIT 100ML VARON;HOMBRE;104.875
ANTONIO BANDERAS;SPIRIT 15ML VARON;HOMBRE;16.780
ALEJANDRO SANZ;SIETE WOMAN EDT 125ML;MUJER;33.560
ANIMALE;ANIMALE TRADICIONAL 100ML EDP;MUJER;155.215
ANIMALE;ANIMALE TEMPATION 100ML;MUJER;67.120
ANIMALE;TESTER ANIMAL LOVE DAMA 100ML;T-MUJER;121.655
ANIMALE;ANIMALE LOVE 100ML;MUJER;155.215
ANIMALE;TESTER ANIMALE MEN 100ML;T-HOMBRE;100.680
ANIMALE;ANIMALE ANIMALE 100ML;HOMBRE;134.240
ANIMALE;ANIMALE VARON EDT SPR 100ML;HOMBRE;121.655
ANIMALE;ANIMALE ANIMALE 100ML;MUJER;134.240
ANIMALE;TESTER ANIMALE ANIMALE 100ML;T-MUJER;121.655
ANIMALE;TESTER ANIMAL DAMA 100ML;T-MUJER;121.655
ANIMALE;ANIMALE SPORT 100 ML+ASB 90ML+SG+MINI;HOMBRE;171.995
ANIMALE;TESTER ANIMALES SPORT MEN 100ML;T-HOMBRE;100.680
ANIMALE;ANIMALE SPORT 100ML NUEVO;HOMBRE;134.240
ANIMALE;TESTER ANIMALE BLACK MEN 100ML;T-HOMBRE;100.680
ANIMALE;ANIMALE BLACK 100ML VARON;HOMBRE;134.240
ANIMALE;ANIMALE INTENSE VARON 100ML+ASB 90ML+SG+MINI;HOMBRE;171.995
ANIMALE;ANIMALE INTENSE EDT 100ML;HOMBRE;134.240
ANIMALE;ANIMALE INTENSE DAMA 100 ML+BL 90ML +SG +MINI;MUJER;192.970
ANIMALE;ANIMALE INTENSE 100ML DAMA;MUJER;155.215
ANIMALE;TESTER ANIMAL INTENSE 100ML;T-MUJER;121.655
ANIMALE;ANIMALE INTENSE EDP SPR 100ML;MUJER;146.825
ARAMIS;ARAMIS;HOMBRE;201.360
ARMANI;SI DE GIORGIO ARMANI 100ML EDT;MUJER;427.890
ARMANI;SI DE GIORGIO ARMANI 100ML EDP;MUJER;448.865
ARMANI;SI ARMANI INTENSE 100ML EDP;MUJER;461.450
ARMANI;ACQUA DI GIO ESSENZA 100ML EDP;MUJER;373.355
ARMANI;ACQUA DI GIO ESSENZA 180ML EDP;HOMBRE;461.450
ARMANI;ACQUA DI GIO ESSENZA 75ML EDP;HOMBRE;334.761
ARMANI;ACQUA DI GIO POUR HOMME EDT 100ML;HOMBRE;343.990
ARMANI;ACQUA DI GIO SET DE 3PCS 100ML;HOMBRE;356.575
ARMANI;ACQUA DI GIO 100ML EDT;HOMBRE;343.990
ARMANI;ACQUA DI GIO PROFUNO 75ML EDP;HOMBRE;381.745
ARMANI;ACQUA DI GIO PROFUNO 125L EDP;HOMBRE;415.305
ARMANI;ACQUA DI GIO 200ML;HOMBRE;440.475
ARMANI;BLUE LIMITED EDT 200ML;HOMBRE;461.450
ARMANI;ACQUA DI GIO 100ML;MUJER;402.720
ARMANI;ACQUA DI GIOIA 100ML EDP;MUJER;390.135
ARMANI;ACQUA DI GIOIA SET 100ML + BL;MUJER;418.661
ARMANI;ACQUA DI GIOIA 100ML EDT;MUJER;369.160
ARMANI;ARMANI MANIA 75ML;MUJER;356.575
ARMANI;ARMANI MANIA 100ML;HOMBRE;418.661
ARMANI;ARMANI CLASICO 100ML;HOMBRE;327.210
ARMANI;ARMANI EAU POUR HOMME 100ML;HOMBRE;334.761
ARMANI;ARMANI DIAMONDS 100ML;MUJER;394.330
ARMANI;ARMANI DIAMONDS 75ML VARON;HOMBRE;348.185
ARMANI;EMPORIO ARMANI 100ML VARON;HOMBRE;348.185
ARMANI;EMPORIO ARMANI 100ML DAMA;MUJER;377.550
ARMANI;ARMANI CODE 75ML EDT;HOMBRE;314.625
ARMANI;ARMANI CODE ICE VARON 75 ML;HOMBRE;343.990
ARMANI;ARMANI CODE 75ML EDP;MUJER;415.305
ARMANI;ARMANI CODE 75ML EDT;MUJER;356.575
ARMANI;TESTER ARMANI CODE LUNA EDT 50ML;T-MUJER;188.775
ARMANI;ARMANI CODE SPORT ATLETHIC 75ML;HOMBRE;331.405
ARMANI;ARMANI CODE SPORT 125ML;HOMBRE;368.321
ARMANI;CODE LUNA 75ML EDT;MUJER;251.700
ARMANI;CODE ULTIMATE 50ML VARON;HOMBRE;239.115
AZZARO;AZZARO 100ML;HOMBRE;176.190
AZZARO;AZZARO 200ML;HOMBRE;272.675
AZZARO;AZZARO VISIT 100ML EDT;HOMBRE;125.850
AZZARO;AZZARO VISIT 80ML EDP DAMA;MUJER;109.070
AZZARO;AZZARO ELIXIR 100 ML EDT;HOMBRE;100.680
AZZARO;AZZARO AQUA 75ML (NUEVO);HOMBRE;184.580
AZZARO;AZZARO SILVER BLACK 100ML;HOMBRE;117.460
AZZARO;AZZARO CHROME SPORT 100ML;HOMBRE;121.655
AZZARO;AZZARO CHROME 100ML;HOMBRE;176.190
AZZARO;TESTER AZZARO CHROME 100ML;T-HOMBRE;121.655
AZZARO;AZZARO CHROME 200ML;HOMBRE;272.675
AZZARO;AZZARO CHROME SUMMER 100ML;HOMBRE;163.605
AZZARO;AZARRO CHROME UNITED 100ML;HOMBRE;176.190
AZZARO;AZARRO CHROME TRAVEL SET 100ML+ DEO 150ML;HOMBRE;239.115
AZZARO;AZARRO CHROME TRAVEL SET 200ML +30ML;HOMBRE;255.895
AZZARO;AZARRO CHROME DEO PACK SPRAY;HOMBRE;163.605
AZZARO;AZZARO CHROME LEGEND 125ML;HOMBRE;146.825
AZZARO;AZARRO POUR HOMME SET 100ML +DEO 75ML;HOMBRE;230.725
AZZARO;AZARRO POUR HOMME SET 200ML+30ML;HOMBRE;255.895
AZZARO;TESTER AZARRO POUR HOMME 100ML;T-HOMBRE;121.655
AZZARO;AZZARO POUR ELLE 75ML EDP;MUJER;243.310
AZZARO;AZARRO POUR ELLE 50ML EDP;MUJER;205.555
AZZARO;AZARRO CLUB 75ML;HOMBRE;104.875
AZZARO;AZZARO L EAU 100ML EDT VARON;HOMBRE;104.875
AZZARO;AZZARO NOW 80ML;HOMBRE;104.875
AZZARO;AZZARO NOW 80ML;MUJER;104.875
AZZARO;AZARRO ONYX VARON 100ML;HOMBRE;109.070
AZZARO;AZZARO TWIN 80ML DAMA;MUJER;125.850
AZZARO;TESTER AZARRO OH LALA;T-MUJER;121.655
BRITNEY SPEARS;FANTASY 100ML  EDP;MUJER;167.800
BRITNEY SPEARS;FANTASY 50ML EDP;MUJER;130.045
BRITNEY SPEARS;ROCK FANTASY 100ML EDP;MUJER;163.605
BRITNEY SPEARS;FANTASY TWIST 100ML EDP;MUJER;167.800
BRITNEY SPEARS;FANTASY TWIST 50ML EDP;MUJER;138.435
BRITNEY SPEARS;ISLAND FANTASY 100ML EDT;MUJER;146.825
BRITNEY SPEARS;TESTER ISLAND FANTASY 100ML EDT;T-MUJER;121.655
BRITNEY SPEARS;FANTASY NICE 100ML EDP;MUJER;163.605
BRITNEY SPEARS;TESTER FANTASY NICE 100ML;T-MUJER;121.655
BRITNEY SPEARS;FANTASY NAUGHTY 100ML EDP;MUJER;163.605
BRITNEY SPEARS;FANTASY INTIMATE 100ML EDP;MUJER;163.605
BRITNEY SPEARS;TESTER FANTAST INTIMATE 100ML;T-MUJER;138.435
BRITNEY SPEARS;FANTASY MIDNIGHT 30ML EDP;MUJER;109.070
BRITNEY SPEARS;MIDNIGHT FANTASY 100ML EDP;MUJER;167.800
BRITNEY SPEARS;BELIEVE 100ML;MUJER;134.240
BRITNEY SPEARS;HIDDEN FANTASY 100ML EDP;MUJER;125.850
BRITNEY SPEARS;HIDDEN FANTASY 100ML EDP SET 2PCS;MUJER;121.655
BRITNEY SPEARS;COSMIC RADIENCE 100ML RFP;MUJER;134.240
BRITNEY SPEARS;RADIANCE 100ML EDP;MUJER;113.265
BRITNEY SPEARS;CURIOUS INCONTROL 100ML;MUJER;121.655
BRITNEY SPEARS;CIRCUS FANTASY 100ML EDP;MUJER;109.070
BRITNEY SPEARS;CURIOUS MIST 236ML;MUJER;37.755
BENETTON;BENETTON MEN 100ML;HOMBRE;113.265
BENETTON;BENETTON WOMAN 100ML;MUJER;113.265
BENETTON;BENETTON UNITED 100ML VARON;HOMBRE;79.705
BENETTON;BENETTON UNITED 100ML DAMA;MUJER;79.705
BENETTON;BENETTON UNITED JEANS 100ML;MUJER;71.315
BENETTON;BENETTON GREEN 100ML;MUJER;71.315
BENETTON;BENETTON YELLOW 100ML;MUJER;71.315
BENETTON;BENETTON BLACK 100ML;MUJER;71.315
BENETTON;BENETTON ROSSO RED 100ML;MUJER;71.315
BENETTON;BENETTON UNITED JEANS 100ML;HOMBRE;75.510
BENETTON;UNITED DREAMS LIVE FREE 80 ML;MUJER;113.265
BENETTON;DREAMS LOVE YOURSELF 80 ML;MUJER;113.265
BENETTON;DREAMS STAY POSITIVE 80 ML;MUJER;113.265
BENETTON;COLD 100ML;UNISEX;58.730
BENETTON;COLD SILVER 100ML;UNISEX;71.315
BENETTON;HOT 100ML;MUJER;54.535
BENETTON;HOT GOLD 100ML;MUJER;71.315
BENETTON;HOT RESTYLE 100ML;MUJER;62.925
BENETTON;BENETTON SPORT 100ML;HOMBRE;79.705
BENETTON;BENETTON SPORT 100ML;MUJER;66.281
BENETTON;BENETTON SPORT 50ML;MUJER;41.950
BENETTON;UCB WOMAN 125ML;MUJER;109.070
BENETTON;UCB MAN 125ML;HOMBRE;109.070
BENETTON;LETS LOVE 100ML DAMA;MUJER;50.340
BENETTON;LETS FLY 100ML VARON;HOMBRE;50.340
BENETTON;LETS MOVE 100ML;HOMBRE;50.340
BENETTON;COLORS 100ML;MUJER;54.535
BENETTON;COLORS 100ML;HOMBRE;54.535
BEYONCE;BEYONCE HEAT MIDNIGHT 100ML;MUJER;88.095
BEYONCE;BEYONCE PULSE 100ML EDP DAMA;MUJER;88.095
BEYONCE;BEYONCE PULSE SUMMER EDP 100ML;MUJER;92.290
BEYONCE;HEAT 100ML EDP;MUJER;88.095
BEYONCE;HEAT RUSH 100ML EDP;MUJER;88.095
BURBERRY;MY BURBERRY 90ML EDP;MUJER;314.625
BURBERRY;BURBERRY WOMEN EDP 100 ml;MUJER;201.360
BURBERRY;BURBERRY 100ML EDT (BURDEO);HOMBRE;184.580
BURBERRY;WEEKEND FOR MEN 100ML;HOMBRE;180.385
BURBERRY;WEEKEND FOR WOMEN EDP 100 ml;MUJER;201.360
BURBERRY;TOUCH FOR MEN EDT 100 ml;HOMBRE;197.165
BURBERRY;TOUCH FOR MEN EDT 50 ml;HOMBRE;104.875
BURBERRY;TOUCH FOR WOMEN EDP 50ML;MUJER;104.875
BURBERRY;TOUCH FOR WOMEN  EDP 100ML;MUJER;218.140
BURBERRY;BABY TOUCH EDT 100 ML;MUJER;138.435
BURBERRY;BRIT SHEER EDT 100 ml;MUJER;205.555
BURBERRY;BRIT FOR WOMEN EDT 90ml;MUJER;209.750
BURBERRY;BRIT FOR WOMEN EDT 50ML;MUJER;109.070
BURBERRY;BRIT FOR MEN EDT 100 ml;HOMBRE;184.580
BURBERRY;BRIT RHYTHM FOR MEN 90ml;HOMBRE;192.970
BURBERRY;LONDON FOR WOMEN EDP 100 ml;MUJER;205.555
BURBERRY;LONDON FOR MEN EDT 100 ml;HOMBRE;192.970
BURBERRY;THE BEAT EDT 75 ml;HOMBRE;209.750
BURBERRY;THE BEAT 75ML;MUJER;218.140
BURBERRY;BURBERRY BODY MIST 85ML EDT;MUJER;138.435
BURBERRY;BODY EDP 85ML;MUJER;205.555
BURBERRY;BURBERRY SPORT 75ML VARON;HOMBRE;188.775
BURBERRY;BURBERRY SPORT ICE 75ML EDT;MUJER;180.385
BOUCHERON;BOUCHERON 100ML EDP;MUJER;255.895
BOUCHERON;BOUCHERON 100ML;HOMBRE;188.775
BOUCHERON;JAIPUR 100ML;HOMBRE;184.580
BOUCHERON;JAIPUR BRACELET 100ML;MUJER;247.505
BOUCHERON;PLACE VENDOME EDP 100ML;MUJER;255.895
BVLGARI;BVLGARI BLV EDT VARON 100ML;HOMBRE;239.115
BVLGARI;BVLGARI SOIR 100ML VARON;HOMBRE;205.555
BVLGARI;TESTER  AQUA POUR HOMME MARINE;T-HOMBRE;197.165
BVLGARI;BLLGARI AQUA AMARA 100ML;HOMBRE;243.310
BVLGARI;BVLGARI AQUA 100ML VARON;HOMBRE;226.530
BVLGARI;BVLGARI AQUA 150ML VARON;HOMBRE;264.285
BVLGARI;BVLGARI AQVA TONIQ 100ML VARON;HOMBRE;230.725
BVLGARI;BVLGARI  AQUA MARINE 100ML;HOMBRE;213.945
BVLGARI;BVLGARI AQUA DIVINA 65ML;MUJER;230.725
BVLGARI;BVLGARI POUR HOMME 100ML;HOMBRE;213.945
BVLGARI;TESTER POUR HOMME 100ML;T-HOMBRE;197.165
BVLGARI;BVLGARI MAN EXTREME 100ML EDT;HOMBRE;222.335
BVLGARI;BVLGARI MAN 100ML EDT VARON;HOMBRE;218.140
BVLGARI;BVLGARI BLUE 100ML EDT VARON;HOMBRE;192.970
BVLGARI;BVLGARI BLACK 75ML;HOMBRE;205.555
BVLGARI;TESTER  BLACK 75ML;T-HOMBRE;197.165
BVLGARI;BVLGARI JASMIN NOIR 100ML EDT;MUJER;243.310
BVLGARI;BVLGARI JASMIN NOIR 100ML EDP;MUJER;285.260
BVLGARI;BVLGARI OMNIA CRISTALINNE 65ML;MUJER;222.335
BVLGARI;OMNIA INDIAN GARNET EDT 65ML;MUJER;192.970
BVLGARI;OMNIA CORAL 65ML (NUEVO);MUJER;226.530
BVLGARI;OMNIA AMETHYSTE 65ML;MUJER;222.335
BVLGARI;OMNIA GREEN JADE 65ML;MUJER;192.970
BVLGARI;BVLGARI NOTTE 75ML EDP DAMA;MUJER;209.750
BVLGARI;BVLGARI FEMME 100ML EDP;MUJER;314.625
BVLGARI;BVLGARI FEMME 100ML EDT;MUJER;234.920
BVLGARI;BVLGARI ROSE ESSENTIELLE 100ML EDP;MUJER;314.625
BVLGARI;BVLGARI ROSE ESSENTIELLE 100ML EDT;MUJER;234.920
BVLGARI;BVL BVLGARI II 75ML EDP;MUJER;260.090
BVLGARI;TESTER BVL II EDP 100ML;T-MUJER;163.605
BVLGARI;BLV BVLGARI 75ML EDP;MUJER;192.970
CARTIER;DELICES 100ML EDT;MUJER;276.870
CARTIER;MUST FEMME CARTIER 100ML;MUJER;293.650
CARTIER;MUST HOMME CARTIER 100ML;HOMBRE;230.725
CARTIER;CARTIER DE LUNE 75ML (NUEVO);MUJER;209.750
CARTIER;ROADSTER 100ML;HOMBRE;234.920
CARTIER;ROADSTER SPORT 100ML;HOMBRE;255.895
CARTIER;PASHA 100ML VARON;HOMBRE;230.725
CARTIER;DECLARATION D SOIR 100ML;HOMBRE;255.895
CARTIER;DECLARATION CARTIER 100ML;HOMBRE;255.895
CARTIER;EAU DE CARTIER 200ML;UNISEX;281.065
CARTIER;EAU DE CARTIER 100ML;UNISEX;205.555
CARTIER;TESTER EAU DE CARTIER 100ML;T-UNISEX;130.045
CARTIER;EAU DE CARTIER ORANGE 100ML;HOMBRE;167.800
CARTIER;EAU DE CARTIER ORANGE 200ML;HOMBRE;281.065
CARTIER;SANTOS DE CARTIER 100ML;HOMBRE;260.090
CARTIER;SANTOS CONCENTREE 100ML;HOMBRE;230.725
CARTIER;BAISER VOILE 100ML EDT;MUJER;285.260
CARTIER;EAU DE GOUTTE DE ROSE EDT 100ML;MUJER;209.750
CARTIER;EAU DE ZESTE DE SOLEIL EDT 100ML;MUJER;209.750
CAROLINA HERRERA;212 VIP 30ML EDP;MUJER;142.630
CAROLINA HERRERA;212 VIP 80ML EDP;MUJER;356.575
CAROLINA HERRERA;212 VIP 80ML EDP + CREMA 100ML;MUJER;406.915
CAROLINA HERRERA;212 VIP CLUB EDITION VARON 100ML;HOMBRE;352.380
CAROLINA HERRERA;212 VIP CLUB EDITION DAMA 80 ML;MUJER;406.915
CAROLINA HERRERA;212 VIP MEN 100ML;HOMBRE;331.405
CAROLINA HERRERA;212 VIP MEN 100ML SET 2PCS;HOMBRE;364.965
CAROLINA HERRERA;212 VIP ROSE 80ML DAMA;MUJER;360.770
CAROLINA HERRERA;212 MEN 100ML SET 2PCS;HOMBRE;348.185
CAROLINA HERRERA;212 MEN 100ML;HOMBRE;331.405
CAROLINA HERRERA;212 MEN 200ML;HOMBRE;457.255
CAROLINA HERRERA;212 SEXY MEN 100ML + 100ML AFTER SHAVE;HOMBRE;360.770
CAROLINA HERRERA;212 SEXY MEN 100ML;HOMBRE;327.210
CAROLINA HERRERA;TESTER 212 SEXY CAROLINA HERRERA 100ML;T-HOMBRE;281.065
CAROLINA HERRERA;212 SEXY 100ML EDP SET 2PCS;MUJER;406.915
CAROLINA HERRERA;212 SEXY 100ML EDP;MUJER;356.575
CAROLINA HERRERA;TESTER 212 SEXY 100ML EDP;T-MUJER;281.065
CAROLINA HERRERA;212 WOMAN 100ML SET 2PCS;MUJER;373.355
CAROLINA HERRERA;212 WOMAN 100ML;MUJER;356.575
CAROLINA HERRERA;CH WOMAN 100ML SET 2PCS;MUJER;440.475
CAROLINA HERRERA;CH WOMAN 100ML EDT DAMA;MUJER;418.661
CAROLINA HERRERA;CH L'EAU DAMA 100 ML SET 2PCS;MUJER;327.210
CAROLINA HERRERA;CH L'EAU DAMA 100 ML;MUJER;356.575
CAROLINA HERRERA;LE GRAND TOUR EDT VARON 100ML;HOMBRE;406.915
CAROLINA HERRERA;LE GRAND TOUR EDT DAMA 100ML;MUJER;474.035
CAROLINA HERRERA;CH MEN 100ML SET 2PCS;HOMBRE;360.770
CAROLINA HERRERA;CH MEN 100ML;HOMBRE;343.990
CAROLINA HERRERA;CH MEN SPORT 100ML;HOMBRE;184.580
CAROLINA HERRERA;TESTER HERRERA FOR MEN 100ML;T-HOMBRE;243.310
CAROLINA HERRERA;HERRERA FOR MEN 100ML;HOMBRE;318.820
CAROLINA HERRERA;HERRERA FOR MEN 200ML;HOMBRE;394.330
CAROLINA HERRERA;CAROLINA HERRERA MEN SET 100ML +100ML AS;HOMBRE;377.550
CAROLINA HERRERA;CAROLINA HERRERA 100 ML EDP;MUJER;369.160
CAROLINA HERRERA;CAROLINA HERRERA 100 ML EDT;MUJER;289.455
CAROLINA HERRERA;212 GLAM 100ML EDT;HOMBRE;250.861
CAROLINA HERRERA;CHIC 100ML;HOMBRE;281.065
CAROLINA HERRERA;CH SUBLIME 80ML + 100ML BL SET;MUJER;398.525
CAROLINA HERRERA;CHIC DAMA 80ML (DESCONTINUADO);MUJER;360.770
CAROLINA HERRERA;CH SUBLIME 80ML EDP;MUJER;352.380
CAROLINA HERRERA;TESTER 212 SUMMER 60ML;T-MUJER;142.630
CACHAREL;AMOR AMOR 100ML SET 2PCS;MUJER;302.040
CACHAREL;CATCHE ME 50ML;MUJER;109.070
CACHAREL;CATCH ME 80ML;MUJER;247.505
CACHAREL;AMOR AMOR FORBIDDEN KISS 10ML;MUJER;276.870
CACHAREL;AMOR AMOR INFLASH 100ML;MUJER;306.235
CACHAREL;AMOR AMOR 100ML;MUJER;243.310
CACHAREL;LOULOU CACHAREL EDP 50 ML;MUJER;243.310
CACHAREL;NOA 100ML;MUJER;293.650
CACHAREL;ANAIS ANAIS 100ML;MUJER;255.895
CACHAREL;ANAIS ANAIS 100ML SET 2PCS;MUJER;276.870
CACHAREL;TESTER ANAIS ANAIS PREMIERE DELICE;T-MUJER;234.920
CHANEL;CHANEL NO. 5 100ML EDP;MUJER;586.461
CALVIN KLEIN;CK DOWNTOWN 90ML EDP DAMA;MUJER;159.410
CALVIN KLEIN;CK FREE 100ML;HOMBRE;142.630
CALVIN KLEIN;CK FREE SPORT 100ML;HOMBRE;167.800
CALVIN KLEIN;CK ENCOUNTER 100ML VARON;HOMBRE;197.165
CALVIN KLEIN;"CK ENCOUNTER FRESH 100ML VARON ""NUEVO""";HOMBRE;201.360
CALVIN KLEIN;TRUTH 100ML EDP;MUJER;163.605
CALVIN KLEIN;TRUTH 100ML;HOMBRE;146.825
CALVIN KLEIN;EUPHORIA ENDLESS 125ML EDP;MUJER;255.895
CALVIN KLEIN;TESTER EUPHORIA ENDLESS 100ML;T-MUJER;171.995
CALVIN KLEIN;EUPHORIA BLOSSOM 100ML EDT;MUJER;201.360
CALVIN KLEIN;EUPHORIA 100ML EDP;MUJER;272.675
CALVIN KLEIN;EUPHORIA ESSENCE 100ML EDP;MUJER;314.625
CALVIN KLEIN;EUPHORIA 100ML VARON;HOMBRE;205.555
CALVIN KLEIN;TESTER EUPHORIA;T-HOMBRE;146.825
CALVIN KLEIN;TESTER EUPHORIA 100ML;T-MUJER;222.335
CALVIN KLEIN;TESTER EUPHORIA FORBIDDEN 100ML EDP;T-MUJER;151.020
CALVIN KLEIN;CK BEAUTY 100ML EDP;MUJER;167.800
CALVIN KLEIN;CK BEAUTY SHEER 100ML DAMA;MUJER;180.385
CALVIN KLEIN;CK REVEAL DAMA EDP 100 ML;MUJER;222.335
CALVIN KLEIN;CK REVEAL VARON 100 ML;HOMBRE;222.335
CALVIN KLEIN;CK BE 100ML;HOMBRE;117.460
CALVIN KLEIN;CK BE 200ML;HOMBRE;163.605
CALVIN KLEIN;ETERNITY SUMMER 2014 100ML EDT;HOMBRE;146.825
CALVIN KLEIN;ONE SUMMER EDITION EDT 100ML;HOMBRE;130.045
CALVIN KLEIN;CK ONE 100ML EDT +MINI 20ML;HOMBRE;171.995
CALVIN KLEIN;CK ONE 100ML;UNISEX;113.265
CALVIN KLEIN;CK ONE 200ML;UNISEX;163.605
CALVIN KLEIN;TESTER CK ONE SUMMER;T-HOMBRE;113.265
CALVIN KLEIN;CK ONE RED 100ML HER;MUJER;121.655
CALVIN KLEIN;CK ONE RED 100ML HIM;HOMBRE;121.655
CALVIN KLEIN;CK ONE SHOCK 100ML;MUJER;125.850
CALVIN KLEIN;CK ONE SHOCK 100ML;HOMBRE;125.850
CALVIN KLEIN;CK ONE SHOCK STREET VARON 100ML;HOMBRE;121.655
CALVIN KLEIN;CK ONE SHOCK 200ML;HOMBRE;167.800
CALVIN KLEIN;CK ONE SHOCK 200ML;MUJER;167.800
CALVIN KLEIN;CONTRADICTION 100ML;MUJER;138.435
CALVIN KLEIN;CONTRADICTION 100ML;HOMBRE;130.045
CALVIN KLEIN;CK MAN 100ML EDT VARON;HOMBRE;155.215
CALVIN KLEIN;ETERNITY 100ML EDP;MUJER;184.580
CALVIN KLEIN;TESTER ETERNITY EDP100ML;T-MUJER;142.630
CALVIN KLEIN;ETERNITY  100ML;HOMBRE;176.190
CALVIN KLEIN;ETERNITY 200ML;HOMBRE;276.870
CALVIN KLEIN;ETERNITY AQUA 100ML NUEVO;MUJER;180.385
CALVIN KLEIN;ETERNITY AQUA 100ML VARON;HOMBRE;209.750
CALVIN KLEIN;ETERNITY SUMMER 100ML EDP;MUJER;151.020
CALVIN KLEIN;ETERNITY SUMMER 100ML EDT;HOMBRE;151.020
CALVIN KLEIN;ETERNITY MOMENT 100ML EDP;MUJER;163.605
CALVIN KLEIN;OBSESSION 100ML EDP;MUJER;167.800
CALVIN KLEIN;OBSESSION NIGHT 125ML VARON;HOMBRE;159.410
CALVIN KLEIN;OBSESION NIGHT DAMA 100 ML EDP;MUJER;155.215
CALVIN KLEIN;OBSESION 125ML EDT VARON;HOMBRE;180.385
CALVIN KLEIN;OBSSESION SECRET 100ML EDP;MUJER;142.630
CALVIN KLEIN;OBSESION DARK 125ML VARON;HOMBRE;222.335
CALVIN KLEIN;ESCAPE 100ML EDP;MUJER;163.605
CALVIN KLEIN;ESCAPE 100ML;HOMBRE;151.020
CALVIN KLEIN;CK IN2U 150ML;HOMBRE;163.605
CALVIN KLEIN;CK IN2U 100ML;MUJER;130.045
CALVIN KLEIN;CK IN2U 150ML;MUJER;167.800
CALVIN KLEIN;CK IN2U 100ML;HOMBRE;130.045
CHLOE;CHLOE 90ML;MUJER;167.800
CHLOE;NARCISSE 100ML;MUJER;163.605
CHLOE;TESTER SEE BY CHLOE 75ML EDT;T-MUJER;209.750
CLINIQUE;HAPPY HEART CLINIQUE 50ML EDP;MUJER;213.945
CLINIQUE;HAPPY HEART CLINIQUE 100ML EDP;MUJER;318.820
CLINIQUE;HAPPY 100ML EDP DAMA;MUJER;314.625
CUBA;CUBA 100ML EDT VARON;HOMBRE;33.560
CUBA;CUBA MUST HAVE 100ML SET 5PCS;MUJER;79.705
CURVE;CURVE CRUSH 100 ML DAMA;MUJER;104.875
CURVE;TESTER CURVE CRUSH DAMA 100ML;T-MUJER;71.315
CURVE;CURVE CRUSH 125 ML VARON;HOMBRE;104.875
CURVE;TESTER CURVE CRUSH VARON 100ML;T-HOMBRE;71.315
CURVE;CURVE  100 ML DAMA;MUJER;104.875
CURVE;CURVE 125 ML VARON;HOMBRE;104.875
DOLCE & GABBANA;D&G FEMME INTENSE 100ML;MUJER;327.210
DOLCE & GABBANA;D&G POUR HOMME INTENSO 125ML EDP;HOMBRE;310.430
DOLCE & GABBANA;TESTER D&G POUR HOMME INTENSO 125ML;T-HOMBRE;276.870
DOLCE & GABBANA;D&G POUR FEMME EDP 50 ML;MUJER;272.675
DOLCE & GABBANA;D&G POUR FEMME EDP 100 ML;MUJER;373.355
DOLCE & GABBANA;D&G POUR FEMME INTENSE EDP 50 ML;MUJER;306.235
DOLCE & GABBANA;D&G POUR FEMME INTENSO EDP 100 ML;MUJER;369.160
DOLCE & GABBANA;D &G POUR HOMME 125ML (AZUL);HOMBRE;285.260
DOLCE & GABBANA;D &G POUR HOMME 125ML SET 3PCS;HOMBRE;302.040
DOLCE & GABBANA;TESTER D&G POUR HOMME 125ML;T-HOMBRE;222.335
DOLCE & GABBANA;DOLCE DE D&G 75ML  NUEVO;MUJER;369.160
DOLCE & GABBANA;D & G 100ML EDT;MUJER;289.455
DOLCE & GABBANA;D & G GENTLEMAN 100ML EDT;HOMBRE;226.530
DOLCE & GABBANA;D & G (1) LE BATELEUR 100ML EDT;UNISEX;167.800
DOLCE & GABBANA;D & G (10) LA ROUE DE LA FORTUNE;MUJER;167.800
DOLCE & GABBANA;D & G (18) LA LUNE  100ML;MUJER;167.800
DOLCE & GABBANA;D&G LE EMPERATRIZ 100ML;MUJER;285.260
DOLCE & GABBANA;DOLCE LIGHT BLUE EDT100+BC100ML+RB7,4ML;MUJER;356.575
DOLCE & GABBANA;DOLCE LIGHT BLUE PH EDT125+ASB75+SG50ML;HOMBRE;323.015
DOLCE & GABBANA;LIGHT BLUE STROMBOLI 125ML;HOMBRE;306.235
DOLCE & GABBANA;LIGHT BLUE 200ML EDT;HOMBRE;381.745
DOLCE & GABBANA;LIGHT BLUE 100ML;MUJER;327.210
DOLCE & GABBANA;TESTER LIGHT BLUE 100ML  DAMA;T-MUJER;239.115
DOLCE & GABBANA;LIGHT BLUE SALINA 50ML EDT;MUJER;264.285
DOLCE & GABBANA;LIGHT BLUE SALINA 100ML EDT;MUJER;323.015
DOLCE & GABBANA;LIGHT BLUE LIPARI 125ML EDT;HOMBRE;314.625
DOLCE & GABBANA;LIGHT BLUE PARANGA EDT 100ML;MUJER;323.015
DOLCE & GABBANA;LIGHT BLUE PORTOFINO 100ML EDT;MUJER;268.480
DOLCE & GABBANA;LIGHT BLUE POUR HOMME 125ML EDT;HOMBRE;297.845
DOLCE & GABBANA;LIGHT BLUE VULCANO EDT 125ML;HOMBRE;297.845
DOLCE & GABBANA;"THE ONE DESIRE 75ML EDP ""NUEVO""";MUJER;369.160
DOLCE & GABBANA;THE ONE SPORT VARON 50 ML;HOMBRE;166.961
DOLCE & GABBANA;THE ONE SPORT 100ML;HOMBRE;272.675
DOLCE & GABBANA;THE ONE SPORT 100ML SET 3PCS;HOMBRE;285.260
DOLCE & GABBANA;THE ONE  75ML EDP;MUJER;356.575
DOLCE & GABBANA;D & G THE ONE ROSE 75ML EDP;MUJER;331.405
DOLCE & GABBANA;THE ONE  100ML;HOMBRE;272.675
DOLCE & GABBANA;THE ONE 150ML;HOMBRE;327.210
DOLCE & GABBANA;DG THE ONE FOR MEN EDT100+ASB75+SG50;HOMBRE;310.430
DOLCE & GABBANA;THE ONE VARON 100 ML SET 3PCS;HOMBRE;314.625
DOLCE & GABBANA;DG THE ONE EDP 75ML + BL100 + SG100;MUJER;364.965
DAVIDOFF;COOL WATER SEA ROSE 100ML DAMA;MUJER;163.605
DAVIDOFF;COOL WATER 100ML;MUJER;151.020
DAVIDOFF;COOL WATER 200ML EDT VARON;HOMBRE;255.895
DAVIDOFF;DAVIDOFF CHAMPION 100ML EDT;HOMBRE;151.020
DAVIDOFF;COOL WATER VARON 75 ML;HOMBRE;104.875
DAVIDOFF;TESTER COLD WATER NIGHT DIVE 125ML EDT;T-HOMBRE;134.240
DIESEL;LOVERDOSE EDT 75 ML;MUJER;243.310
DIESEL;LOVERDOSE 75ML EDP;MUJER;327.210
DIESEL;LOVERDOSE TATTO 75ML EDP;MUJER;327.210
DIESEL;ONLY THE BRAVE TATOO 75ML;HOMBRE;289.455
DIESEL;ONLY THE BRAVE IRON MAN 75ML;HOMBRE;289.455
DIESEL;ONLY THE BRAVE TATTO 125ML;HOMBRE;339.795
DIESEL;ONLY THE BRAVE 75ML;HOMBRE;289.455
DIESEL;PLUS PLUS 75ML EDT MEN SET;HOMBRE;79.705
DIESEL;PLUS PLUS 75ML;MUJER;50.340
DIESEL;PLUS PLUS 75ML;HOMBRE;54.535
DIESEL;ZERO PLUS 75ML;HOMBRE;54.535
DIESEL;ZERO PLUS 75ML;MUJER;54.535
DIESEL;DIESEL FUEL FOR LIFE 75ML EDP;MUJER;334.761
DIESEL;DIESEL FUEL FOR LIFE 75ML;HOMBRE;331.405
DIESEL;FUEL FOR LIFE UNLIMITED 75ML EDP;MUJER;334.761
DIESEL;TESTER DIESEL FUEL FOR LIFE 75ML;T-HOMBRE;250.861
CHRISTIAN DIOR;FAHRENHEIT 100ML EDT VARON;HOMBRE;406.915
CHRISTIAN DIOR;FAHRENHEIT 200ML EDT VARON;HOMBRE;490.815
CHRISTIAN DIOR;DIOR DIORISSIMO 100ML EDT DAMA;MUJER;453.060
CHRISTIAN DIOR;DIOR HOMME 100ML EDT VARON;HOMBRE;377.550
CHRISTIAN DIOR;DIOR HOMME SPORT 100ML EDT;HOMBRE;377.550
CHRISTIAN DIOR;TESTER DIOR HOMME COLOGNE;T-HOMBRE;334.761
CHRISTIAN DIOR;DIOR DUNE 100ML EDT DAMA;MUJER;474.035
CHRISTIAN DIOR;DIOR HYPNOTIC POISON 100ML EDT;MUJER;499.205
CHRISTIAN DIOR;TESTER HYPNOTIC POISON DIOR 100ML;T-MUJER;377.550
CHRISTIAN DIOR;POISON MIDNIGTH 100ML EDP;MUJER;511.790
CHRISTIAN DIOR;POISON 100ML EDT DAMA;MUJER;448.865
CHRISTIAN DIOR;HYPNOTIC POISON SENSUELLE 100ML;MUJER;427.890
CHRISTIAN DIOR;HYPNOTIC POISON SECRET 100ML EDT;MUJER;436.280
CHRISTIAN DIOR;MISS DIOR EAU FRAICHE 100ML EDT;MUJER;394.330
CHRISTIAN DIOR;MISS DIOR 100ML EDT;MUJER;478.230
CHRISTIAN DIOR;MISS DIOR 100ML EDP;MUJER;503.400
CHRISTIAN DIOR;DIOR EAU SAVAGE 100ML EDT VARON;HOMBRE;369.160
CHRISTIAN DIOR;DIOR DOLCE VITA EDT 100ML;MUJER;474.035
CHRISTIAN DIOR;HIGHER DIOR 100ML EDT;HOMBRE;360.770
CHRISTIAN DIOR;JADORE EDP DAMA 100ML;MUJER;502.561
CHRISTIAN DIOR;TESTER JADORE 100ML EDT;T-MUJER;411.110
CHRISTIAN DIOR;TESTER FOREVER DIOR;T-MUJER;411.110
DONNA KARAN;DKNY MY NY 100ML DAMA;MUJER;272.675
DONNA KARAN;DKNY BE DELICIOUS 100 ML EDP;MUJER;250.861
DONNA KARAN;DKNY NEW YORK 100ML EDP (TORRE);MUJER;250.861
DONNA KARAN;DKNY NEW YORK 100ML EDT (TORRE);HOMBRE;247.505
DONNA KARAN;DKNY GOLDEN DELICIUS EAU SO INTENSE EDP 100ML;MUJER;243.310
DONNA KARAN;DKNY RED DELICIOUS 100ML EDP;MUJER;243.310
DONNA KARAN;DKNY 100ML EDT HOMBRE;HOMBRE;239.115
DONNA KARAN;BE DELICIOUS SKIM 100ML NUEVO;MUJER;208.911
DONNA KARAN;DKNY FRESH BLOSSOM 100 ML EDP;MUJER;268.480
DONNA KARAN;TESTER RED DELICIOUS 100ML;T-MUJER;167.800
DUCATI;DUCATI EDT VARON 100 ML;HOMBRE;134.240
DUPONT;DUPONT INTENSE 100ML EDP;MUJER;158.571
DUPONT;DUPONT PASSANGER 50ML EDP;MUJER;117.460
DUPONT;"DUPONT ROSE 100ML EDP ""NUEVO""";MUJER;158.571
ELIZABETH ARDEN;ARDEN BEAUTY 100ML EDP;MUJER;96.485
ELIZABETH ARDEN;ELIZABETH ARDEN SUNMORNGARDEN 100ML;MUJER;109.070
ELIZABETH ARDEN;RED DOOR EDT 100ML +BL 100ML;MUJER;201.360
ELIZABETH ARDEN;RED DOOR 100ML;MUJER;188.775
ELIZABETH ARDEN;RED DOOR ALWAYS 100ML EDP;MUJER;188.775
ELIZABETH ARDEN;RED DOOR AURA 100ML NUEVO;MUJER;138.435
ELIZABETH ARDEN;TESTER ELIZABETH ARDEN RED DOR;T-MUJER;146.825
ELIZABETH ARDEN;5TH AVENUE NYC 125ML EDP;MUJER;159.410
ELIZABETH ARDEN;5TH AVENUE AFTER FIFTH EDP 125ML;MUJER;121.655
ELIZABETH ARDEN;5TH AVENUE NIGHT 125ML;MUJER;109.070
ELIZABETH ARDEN;5TH AVENUE GOLD 125ML EDP;MUJER;159.410
ELIZABETH ARDEN;TESTER 5TH AVENIDA PREMIERE;T-MUJER;125.011
ELIZABETH ARDEN;GREEN TEA 100ML + 200ML HNY DROP;MUJER;130.045
ELIZABETH ARDEN;GREEN TEA EXOTIC 100ML;MUJER;75.510
ELIZABETH ARDEN;GREEN TEA TROPICAL 100ML;MUJER;75.510
ELIZABETH ARDEN;GREEN TEA SUMMER 100ML;MUJER;75.510
ELIZABETH ARDEN;GREEN TEA LOTUS 100ML;MUJER;75.510
ELIZABETH ARDEN;GREEN TEA LAVANDER 100ML EDT;MUJER;83.900
ELIZABETH ARDEN;GREEN TEA SCT SP 30ML DUO;MUJER;96.485
ELIZABETH ARDEN;GREEN TEA CBLOSS + HONEY 50ML;MUJER;180.385
ELIZABETH ARDEN;GREEN TEA 100ML EDP;MUJER;104.875
ELIZABETH ARDEN;TESTER GREEN TEA LAVANDER;T-MUJER;50.340
ELIZABETH ARDEN;TRUE LOVE 100ML EDT;MUJER;83.900
ELIZABETH ARDEN;UNTOLD ABSOLUTE EDP 100ML;MUJER;243.310
ELIZABETH ARDEN;UNTOLD EDP 100ML;MUJER;226.530
ELIZABETH ARDEN;TESTER UNTOLD ABSOLUTE;T-MUJER;88.095
ELIZABETH ARDEN;SUNFLOWER 100ML;MUJER;88.095
ELIZABETH ARDEN;SUNFLOWER DREAM PETALS 100 ML;MUJER;71.315
ELIZABETH ARDEN;TESTER ELIZABETH ARDEN SUNFLOWER;T-MUJER;54.535
ELIZABETH ARDEN;TESTER ELIZABETH SUNFLOWER MORNING;T-MUJER;54.535
ELIZABETH TAYLOR;PASSION 118ML VARON;HOMBRE;96.485
ELIZABETH TAYLOR;PASSION 75ML;MUJER;109.070
ELIZABETH TAYLOR;WHITE DIAMONDS LUSTRE EDT 100ML;MUJER;188.775
ELIZABETH TAYLOR;WHITE DIAMONDS 100ML DAMA;MUJER;188.775
ELIZABETH TAYLOR;DIAMOND AND EMERALDS 100ML EDT;MUJER;96.485
ELIZABETH TAYLOR;DIAMONDS AND SAPPHIRES 100ML EDT;MUJER;100.680
ELIZABETH TAYLOR;FOREVER ELIZABETH 100ML EDP;MUJER;96.485
ELIZABETH TAYLOR;TESTER ELIZABETH TAYLOR FOREVER;T-MUJER;121.655
EMANUEL UNGARO;UNGARO III 100ML;HOMBRE;116.621
EMANUEL UNGARO;UNGARO MAN 100 ML EDT;HOMBRE;104.875
EMANUEL UNGARO;TESTER UNGARO  90ML;T-HOMBRE;67.120
EMANUEL UNGARO;UNGARO PARTY DAMA  100ML EDT;MUJER;96.485
EMANUEL UNGARO;UNGARO DIVA EDP 100ML;MUJER;184.580
EMANUEL UNGARO;UNGARO WOMAN  100 ML EDP;MUJER;104.875
ESCADA;ESCADA MAGNETISM 75ML EDP;MUJER;234.920
ESCADA;ESCADA ISLAND KISS 100ML;MUJER;213.945
ESCADA;ESCADA ROCKIN RIO 100ML;MUJER;222.335
ESCADA;ESCADA SEXY GRAFFITI 100ML;MUJER;222.335
ESCADA;ESCADA OCEAN LOUNGE 100ML;MUJER;218.140
ESCADA;TESTER ESCADA DELICATE 75ML;T-MUJER;163.605
ESTEE LAUDER;PLEASURES 100ML EDP;MUJER;360.770
ESTEE LAUDER;PLEASURES INTENSE 100ML EDP;MUJER;293.650
ESTEE LAUDER;TESTER ESTEE LAUDER PLEASURE INTENSE 100ML;T-MUJER;264.285
ESTEE LAUDER;BEAUTIFUL 75ML EDP;MUJER;390.135
FANDI;FAN DI FENDI DAMA 75ML;MUJER;327.210
FERRARI;FERRARI RED 125ML;HOMBRE;100.680
FERRARI;FERRARI BLACK 125ML;HOMBRE;100.680
FORD;MUSTANG SPORT SET 100ML+AS+150ML+SG 150ML;HOMBRE;75.510
FORD;MUSTANG 100ML + AS150ML +SG 150ML;HOMBRE;75.510
FUJIYAMA;SET FUJIYAMA HOMME 100ML (3PC);HOMBRE;58.730
FUJIYAMA;FUJIYAMA HOMBRE 100ML EDT;HOMBRE;46.145
FUJIYAMA;SET FUJIYAMA DAMA 100ML (3PC);MUJER;58.730
FUJIYAMA;FUJIYAMA DAMA 100ML EDP;MUJER;46.145
FUJIYAMA;FUJIYAMA ELEGANTISSIMO 100ML EDP;MUJER;54.535
GIORGIO BEVERLLY HILLS;GIORGIO DE BEVERLY HILLS 90ML;MUJER;159.410
GIORGIO BEVERLLY HILLS;GIORGIO DE BEVERLY 125ML VARON;HOMBRE;79.705
GIORGIO BEVERLLY HILLS;RED GIORGIO 100ML VARON;HOMBRE;83.900
GIORGIO BEVERLLY HILLS;RED GIORGIO 90ML DAMA;MUJER;142.630
GIORGIO BEVERLLY HILLS;WINGS 90ML EDT DAMA;MUJER;79.705
GIORGIO BEVERLLY HILLS;WINGS FOR MEN 100ML EDT;HOMBRE;88.095
GIORGIO BEVERLLY HILLS;TESTER WINGS POUR FEMME;T-MUJER;54.535
GIORGIO BEVERLLY HILLS;G DE GIORGIO 90ML;MUJER;96.485
GIVENCHY;BLUE LABEL 100ML;HOMBRE;247.505
GIVENCHY;GIVENCHY POUR HOMME 100ML;HOMBRE;226.530
GIVENCHY;XERYUS ROUGE 150ML;HOMBRE;314.625
GIVENCHY;XERYUS ROUGE 100ML;HOMBRE;250.861
GIVENCHY;XERYUS 100ML EDT VARON;HOMBRE;242.471
GIVENCHY;INSENSE ULTRAMARINE 100ML;HOMBRE;230.725
GIVENCHY;GIVENCHY GENTLEMAN ONLY 100ML;HOMBRE;264.285
GIVENCHY;TESTER GENTLEMAN ONLY;T-HOMBRE;209.750
GIVENCHY;GIVENCHY GENTLEMAN 100ML;HOMBRE;285.260
GIVENCHY;GIVENCHY VETIVER 100ML NUEVO;HOMBRE;268.480
GIVENCHY;ORGANZA 100ML EDP;MUJER;327.210
GIVENCHY;TESTER ORGANZA 50ML;T-MUJER;180.385
GIVENCHY;PI NEO 100ML;HOMBRE;247.505
GIVENCHY;PI DE GIVENCHY EDT 100 ML;HOMBRE;272.675
GIVENCHY;DAHLIA NOIR 75ML EDT;MUJER;234.920
GIVENCHY;DAHLIA DIVIN 75ML;MUJER;281.065
GIVENCHY;DAHLIA NOIR 75ML EDP;MUJER;281.065
GIVENCHY;GIVENCHY LE SECRET ELIXIR EDP 100 ML DAMA;MUJER;348.185
GIVENCHY;ANGE OU DEMON ELIXIR 100ML EDP;MUJER;335.600
GIVENCHY;ANGE OU DEMON 100ML EDP;MUJER;356.575
GIVENCHY;ANGE OU DEMON LE SECRET 100ML EDP;MUJER;348.185
GIVENCHY;ANGE OU DEMON LE SECRET 50ML EDP;MUJER;205.555
GIVENCHY;LE SECRET POESIE D'UN 50ML;MUJER;205.555
GIVENCHY;VERY POESIE D'UN PARFUM 50ML EDP;MUJER;205.555
GIVENCHY;HOT COUTURE 100ML EDT;MUJER;289.455
GIVENCHY;HOT COUTURE DE GIVENCHY 100ML EDP;MUJER;415.305
GIVENCHY;PLAY SPORT 100ML EDT SET 3PCS;HOMBRE;264.285
GIVENCHY;PLAY SPORT 100MML EDT;HOMBRE;209.750
GIVENCHY;TESTER PLAY VARON 100ML;T-HOMBRE;243.310
GIVENCHY;PLAY  100ML;HOMBRE;264.285
GIVENCHY;PLAY 50ML;HOMBRE;163.605
GIVENCHY;TESTER PLAY INTENSE VARON 100ML;T-HOMBRE;243.310
GIVENCHY;PLAY INTENSE 100ML EDT;HOMBRE;293.650
GIVENCHY;PLAY 75ML EDP;MUJER;276.870
GIVENCHY;PLAY INTENSE 75ML EDP;MUJER;289.455
GIVENCHY;VERY IRRESISTIBLE 75ML EDT;MUJER;281.065
GIVENCHY;VERY IRRESISTIBLE SENSUAL 75ML EDP;MUJER;293.650
GIVENCHY;VERY IRRESISTIBLE ELECTRIC ROSE EDT 75ML;MUJER;234.920
GIVENCHY;AMARIGE EDT 100ML +BL+SH;MUJER;360.770
GIVENCHY;AMARIGE 100ML;MUJER;306.235
GIVENCHY;EXTRAVAGANCE 100ML EDT DAMA;MUJER;255.895
GIVENCHY;YSATIS 100ML;MUJER;281.065
GRES;CABOTINE ROSA 100ML;MUJER;79.705
GRES;CABOTINE 100ML;MUJER;79.705
GRES;CABOTINE 100ML SET 2PCS;MUJER;113.265
GUESS;GUESS NIGHT ACCESS MEN 100ML;HOMBRE;104.875
GUESS;GUESS EDP 75ML;MUJER;100.680
GUESS;GUESS GIRL 100ML;MUJER;117.460
GUESS;TESTER GUESS GIRL 50ML;T-MUJER;54.535
GUESS;GUESS SEDUCTIVE DAMA 75 ML;MUJER;109.070
GUESS;GUESS GIRLS BELLE  EDT 100 ML;MUJER;117.460
GUESS;GUESS PINK 75ML EDP;MUJER;109.070
GUESS;GUESS MARCIANO 100ML;MUJER;109.070
GUCCI;GUCCI BY GUCCI SPORT 90ML VARON;HOMBRE;222.335
GUCCI;GUCCI BY GUCCI VARON 90ML;HOMBRE;268.480
GUCCI;GUCCI BY GUCCI MUJER 75ML EDP;MUJER;306.235
GUCCI;GUCCI PREMIERE 75ML EDP;MUJER;318.820
GUCCI;GUCCI GUILTY POUR HOME EDT 90ML+AFT+SGE 50ML;HOMBRE;293.650
GUCCI;GUCCI GUILTY EDT 75ML +BL 100ML+FRAG 7.4ML;HOMBRE;334.761
GUCCI;GUCCI GUILTY  EDT 90ML+AFT SHAVE BALM 50ML;HOMBRE;293.650
GUCCI;GUCCI GUILTY 90ML VARON;HOMBRE;281.065
GUCCI;TESTER GUCCI GUILTY DAMA EDT 75ML;T-MUJER;239.115
GUCCI;TESTER GUCCI GUILTY VARON 90ML;T-HOMBRE;218.140
GUCCI;GUCCI GUILTY 75ML DAMA;MUJER;293.650
GUCCI;GUCCI 2 EDP 75ML DAMA;MUJER;402.720
GUCCI;GUCCI RUSH 2 50ML EDT DAMA;MUJER;323.015
GUCCI;GUCCI RUSH 75ML EDT;MUJER;327.210
GUCCI;GUCCI RUSH  50ML EDT;MUJER;251.700
GUCCI;GUCCI ENVY ME 100ML;MUJER;323.015
GUCCI;GUCCI FLORA 75ML EDP DAMA;MUJER;331.405
GUCCI;GUCCI FLORA 75ML EDT DAMA;MUJER;310.430
GUCCI;TESTER GUCCI FLORA GARDENIA;T-MUJER;208.911
GUCCI;TESTER GUCCI FLORA TUBEROSE;T-MUJER;208.911
GUCCI;TESTER GUCCI FLORA EDT;T-MUJER;250.861
GUCCI;TESTER GUCCI MANDARIN;T-MUJER;208.911
GUCCI;GUCCI GUILTY BLACK 75ML EDT;MUJER;318.820
GUCCI;GUCCI GUILTY BLACK 90ML EDT;HOMBRE;327.210
GUERLAIN;MY INSOLENC 100ML EDT DAMA;MUJER;348.185
GUERLAIN;INSOLENCE 100ML EDP DAMA;MUJER;411.110
GUERLAIN;SAMSARA 100ML EDT;MUJER;385.940
GUY LAROCHE;DRAKKAR 200ML;HOMBRE;247.505
GUY LAROCHE;DRAKKAR NOIR SET 100ML +DEO+AS;HOMBRE;260.090
GUY LAROCHE;DRAKKAR NOIR 100ML;HOMBRE;171.995
GUY LAROCHE;DRAKKAR NOIR 200ML;HOMBRE;272.675
GUY LAROCHE;DRAKKAR ESSENCE 100 ML EDT +30 ML;HOMBRE;297.845
GUY LAROCHE;DRAKKAR ESSENCE 100ML (SIN CELOFAN);HOMBRE;243.310
GUY LAROCHE;DRAKKAR ESSENCE 100 ML EDT;HOMBRE;247.505
GUY LAROCHE;FIDJI 100ML EDT;MUJER;281.065
HALZSTON;HALSTON Z-14 EDC 125 ML;HOMBRE;88.095
HUGO BOSS;HUGO DEEP RED 90ML EDP;MUJER;222.335
HUGO BOSS;DARK BLUE 75ML VARON;HOMBRE;159.410
HUGO BOSS;HUGO GREEN MUSIC 75ML EDT;HOMBRE;167.800
HUGO BOSS;HUGO GREEN MUSIC 125ML EDT;HOMBRE;230.725
HUGO BOSS;HUGO MAN EDT 125+ABS+75+SG 50;HOMBRE;247.505
HUGO BOSS;HUGO BOSS #1 125ML EDT;HOMBRE;201.360
HUGO BOSS;HUGO BOSS SCENT 200ML EDT;HOMBRE;390.135
HUGO BOSS;BOSS SELECTION 90ML;HOMBRE;226.530
HUGO BOSS;BALDESARINI AMBRE EDT 100 ML;HOMBRE;184.580
HUGO BOSS;BALDESSARINI DEL MAR 90ML;HOMBRE;176.190
HUGO BOSS;BOSS FEMME 50ML;MUJER;192.970
HUGO BOSS;BOSS FEMME 75ML;MUJER;260.090
HUGO BOSS;HUGO BOSS WOMAN EDP 75ML+BL200ML;MUJER;293.650
HUGO BOSS;BOSS WOMAN 90ML EDP DAMA;MUJER;239.115
HUGO BOSS;BOSS SOUL 90ML;HOMBRE;218.140
HUGO BOSS;HUGO ELEMENT EDT 90ML;HOMBRE;205.555
HUGO BOSS;HUGO XX 100ML;MUJER;197.165
HUGO BOSS;HUGO XY 100ML;HOMBRE;197.165
HUGO BOSS;HUGO BOSS ENERGISE 125ML;HOMBRE;239.115
HUGO BOSS;TESTER HUGO ENERGISE 125ML;T-HOMBRE;192.970
HUGO BOSS;HUGO BOSS BOTTLED SET EDT 100ML SP+50ML;HOMBRE;272.675
HUGO BOSS;BOSS BOTTLED (GRIS) 50ML;HOMBRE;171.995
HUGO BOSS;BOSS BOTTLED (GRIS) 100ML;HOMBRE;222.335
HUGO BOSS;BOSS BOTTLED (GRIS) 200ML;HOMBRE;318.820
HUGO BOSS;HUGO BOSS BOTTLED COLLECTOR 100ML;HOMBRE;247.505
HUGO BOSS;BOSS BOTTLED UNLIMITED 100ML;HOMBRE;250.861
HUGO BOSS;TESTER BOSS BOTTLED  100ML;T-HOMBRE;188.775
HUGO BOSS;HUGO CANTIMPLORA 125ML SET 3PCS;HOMBRE;239.115
HUGO BOSS;HUGO CANTIMPLORA 75ML;HOMBRE;167.800
HUGO BOSS;HUGO CANTIMPLORA 125ML;HOMBRE;239.115
HUGO BOSS;HUGO CANTIMPLORA 150ML;HOMBRE;250.861
HUGO BOSS;HUGO CANTIMPLORA 200ML VARON;HOMBRE;331.405
HUGO BOSS;HUGO CANTIMPLORA 125ML DAMA;MUJER;281.065
HUGO BOSS;BOSS ORANGE 60ML EDT;HOMBRE;184.580
HUGO BOSS;BOSS ORANGE 100ML EDT VARON;HOMBRE;234.920
HUGO BOSS;HUGO ORANGE FEELING GOOD 100ML;HOMBRE;226.530
HUGO BOSS;BOSS ORANGE 75ML EDP;MUJER;247.505
HUGO BOSS;BOSS ORANGE 75ML EDT;MUJER;243.310
HUGO BOSS;BOSS ORANGE SUNSET 75ML;MUJER;222.335
HUGO BOSS;BOSS INMOTION 40ML EDT;HOMBRE;142.630
HUGO BOSS;BOSS INMOTION 90ML;HOMBRE;213.945
HUGO BOSS;BOSS INMOTION WHITE 90ML;HOMBRE;184.580
HUGO BOSS;HUGO BOSS RED DAMA EDP 75 ML;MUJER;293.650
HUGO BOSS;TESTER HUGO RED DAMA EDP 75 ML;T-MUJER;226.530
HUGO BOSS;HUGO BOSS RED 75ML;HOMBRE;180.385
HUGO BOSS;HUGO BOSS RED 125ML;HOMBRE;234.920
HUGO BOSS;HUGO BOSS RED 150ML;HOMBRE;230.725
HUGO BOSS;HUGO BOSS RED 200ML;HOMBRE;318.820
HUGO BOSS;TESTER HUGO RED 125ML VARON;T-HOMBRE;184.580
HUGO BOSS;BOSS BOTTLED SPORT 100ML + DEO;HOMBRE;260.090
HUGO BOSS;BOSS BOTTLED SPORT 100ML EDT;HOMBRE;205.555
HUGO BOSS;HUGO BOSS BOTTLED NIGHT SET 100ML+ AS+ SG;HOMBRE;276.870
HUGO BOSS;BOSS BOTTLED NIGHT 200ML;HOMBRE;331.405
HUGO BOSS;BOSS BOTTLED NIGHT 50ML;HOMBRE;192.970
HUGO BOSS;BOSS BOTTLED NIGHT 100ML;HOMBRE;247.505
HUGO BOSS;BOSS NUIT 75ML INTENSE EDP;MUJER;251.700
HUGO BOSS;TESTER BOSS NUIT INTENSE 75ML EDP;T-MUJER;176.190
HUGO BOSS;BOSS NUIT 75ML EDP;MUJER;243.310
HUGO BOSS;BOSS NUIT 75ML EDP SET 2PCS;MUJER;250.861
HUGO BOSS;BOSS JOUR 75 ML +BL 100 ML;MUJER;247.505
HUGO BOSS;HUGO BOSS MAVIE  50ML EDP;MUJER;213.945
HUGO BOSS;HUGO BOSS MAVIE SET EDP 75ML+BODY 100ML;MUJER;293.650
HUGO BOSS;HUGO BOSS MA VIE SLEEVED EDP 75ML;MUJER;272.675
HUGO BOSS;BOSS WHITE 90ML EDP DAMA;MUJER;205.555
HUGO BOSS;HUGO JUST DIFFERENT 100ML EDT;HOMBRE;192.970
HUGO BOSS;HUGO JUST DIFFERENT 125ML  EDT;HOMBRE;234.920
HUGO BOSS;HUGO JUST DIFFERENT 150ML  EDT;HOMBRE;247.505
HUGO BOSS;HUGO JUST DIFFERENT 200ML EDT;HOMBRE;306.235
ISSEY MIYAKE;ISSEY MIYAKE 125ML SET 3PCS;HOMBRE;314.625
ISSEY MIYAKE;ISSEY MIYAKE 125ML;HOMBRE;276.870
ISSEY MIYAKE;TESTER ISSEY MIYAKE;T-HOMBRE;209.750
ISSEY MIYAKE;ISSEY INTENSE 125ML;HOMBRE;268.480
ISSEY MIYAKE;ISSEY INTENSE 75ML;HOMBRE;230.725
ISSEY MIYAKE;ISSEY MIYAKE BLEUE 75ML;HOMBRE;197.165
ISSEY MIYAKE;ISSEY MIYAKE BLUE 125ML;HOMBRE;251.700
ISSEY MIYAKE;ISSEY BLUE EAU FRAICHE 100ML;HOMBRE;301.201
ISSEY MIYAKE;ISSEY MIYAKE 100ML;MUJER;323.015
ISSEY MIYAKE;TESTER ISSEY MIYAKE DAMA 100ML;T-MUJER;222.335
ISSEY MIYAKE;ISSEY MIYAKE PLEATS PLS 100ML EDT;MUJER;314.625
ISSEY MIYAKE;ISSEY MIYAKE PLEATS PLS 50 ML;MUJER;113.265
ISSEY MIYAKE;TESTER ISSEY MIYAKI PLEATS PLEATS;T-MUJER;151.020
ISSEY MIYAKE;ISSEY MIYAKE FLORALE EDT 90ML;MUJER;334.761
ISSEY MIYAKE;ISSEY SCENT 100ML;MUJER;234.920
ISSEY MIYAKE;TESTER SCENT BY ISSEY MIYAKE 40ML;T-MUJER;138.435
ISSEY MIYAKE;ISSEYMIYAKE ABSOLUTE 90ML;HOMBRE;327.210
ISSEY MIYAKE;TESTER ISSEY MIYAKE NUIT DISSEY;T-HOMBRE;209.750
JENNIFER LOPEZ;LIVE JLO 100ML SET 2PCS;MUJER;142.630
JENNIFER LOPEZ;LIVE JLO 100ML;MUJER;121.655
JENNIFER LOPEZ;LIVE LUXE 100ML SET 2PCS;MUJER;142.630
JENNIFER LOPEZ;LIVE LUXE 100ML;MUJER;121.655
JENNIFER LOPEZ;STILL JLO 100ML EDP;MUJER;121.655
JENNIFER LOPEZ;GLOW 100ML;MUJER;121.655
JENNIFER LOPEZ;GLOW RIO EDT DAMA 100ML;MUJER;109.070
JENNIFER LOPEZ;JL FIRST LOVE GLOW 100ML;MUJER;121.655
JENNIFER LOPEZ;JL GLOW AFTER DARK 100ML;MUJER;125.850
JEAN PAUL GAULTIER;JEAN PAUL KOKORICO 100ML;HOMBRE;243.310
JEAN PAUL GAULTIER;"JEAN PAUL GAULTIER  ""X"" 100 ML";MUJER;326.371
JEAN PAUL GAULTIER;JEAN PAUL GAUTIER LE MALE 125ML;HOMBRE;302.040
JEAN PAUL GAULTIER;TESTER JEAN PAUL GAULTIER LE MALE;T-HOMBRE;205.555
JEAN PAUL GAULTIER;JEAN PAUL GAUTIER LE BEAU 40ML;HOMBRE;134.240
JEAN PAUL GAULTIER;JEAN PAUL GAULTIER LE BEAU 125ML;HOMBRE;276.870
JEAN PAUL GAULTIER;JEAN PAUL GAULTIER 100ML EDT;MUJER;306.235
JEAN PAUL GAULTIER;TESTER JEAN PAUL GAULTIER CLASSIQUE;T-MUJER;222.335
JEAN PAUL GAULTIER;JEAN MONSEIUR 100ML EAU DE MATIN;HOMBRE;201.360
JEAN PAUL GAULTIER;JEAN PAUL G DAMA 100+BL+SG;MUJER;360.770
JEAN PAUL GAULTIER;JEAN PAUL G VARON 125+SG+ MINI;HOMBRE;331.405
JEAN PAUL GAULTIER;MADAME JEAN PAUL 100ML DAMA;MUJER;222.335
JESúS DEL POZO;HALLOWEEN 100ML;MUJER;146.825
JESúS DEL POZO;HALLOWEEN SET 4PCS;MUJER;176.190
JESúS DEL POZO;HALLOWEEN FEVER 100ML EDP;MUJER;151.020
JESúS DEL POZO;HALLOWEEN MAN 125ML;HOMBRE;163.605
JESúS DEL POZO;HALLOWEEN MAN ROCK 125ML;HOMBRE;163.605
JESúS DEL POZO;HALLOWEEN TATTO 100ML DAMA NUEVO;MUJER;159.410
JESúS DEL POZO;HALLOWEEN TATTO 125ML VARON NUEVO;HOMBRE;159.410
JESúS DEL POZO;HALLOWEEN  BLUE DROP 100ML;MUJER;163.605
JESúS DEL POZO;HALLOWEEN KISS 100ML;MUJER;142.630
JESúS DEL POZO;HALLOWEEN KISS SEXY 100ML;MUJER;142.630
JESúS DEL POZO;HALLOWEEN FRESIA 100ML;MUJER;138.435
JESúS DEL POZO;HALLOWEEN WATER LILY 100ML;MUJER;138.435
JIMMY CHOO;JIMMY CHOO 100ML;MUJER;213.945
JOOP;JOOP 100ML;MUJER;146.825
JEANNE ARTHES;JEANNE ARTHES HOMBRE Y MUJER 100ML;MUJER;50.340
JUICY COUTURE;JUICY COUTURE EDP 100ML;MUJER;260.090
JUICY COUTURE;JC COUTURE 100ML EDP;MUJER;243.310
JUICY COUTURE;VIVA LA JUICY EDP 100ML;MUJER;260.090
JUICY COUTURE;GOLD COUTURE 100ML EDP;MUJER;260.090
JUICY COUTURE;I AM JUICY COUTURE 100ML EDP;MUJER;260.090
JUICY COUTURE;TESTER VIVA LA JUICY GOLD COUTURE;T-MUJER;213.945
JUICY COUTURE;TESTER VIVA LA JUICY NOIR;T-MUJER;213.945
JUICY COUTURE;TESTER JUICY COUTURE;T-MUJER;213.945
JUICY COUTURE;TESTER TRY ME VIVA LA JUICY;T-MUJER;213.945
JUICY COUTURE;VIVA LA NOIR 100ML EDP;MUJER;260.090
JUSTIN BIEBER;SOMEDAY DE JUSTIN BIEBER 100ML EDP;MUJER;138.435
JUSTIN BIEBER;JUSTIN BIEBER COLLECTOR ED. EDP 100ML;MUJER;159.410
JUSTIN BIEBER;TESTER JUSTIN BEIBER COLLECTOR;T-MUJER;121.655
JUSTIN BIEBER;GIRLFRIEND JUSTIN BIEBER 100ML EDP;MUJER;171.995
JUSTIN BIEBER;GIRLFRIEND MIST 240ML;MUJER;37.755
JUSTIN BIEBER;THE KEY 100ML EDP;MUJER;138.435
KARL LAGERFELD;LAGERFELD KLA K FEMME 85 ML;MUJER;222.335
KARL LAGERFELD;LAGERFELD KLA K HOMME 100 ML;HOMBRE;222.335
KATY PERRY;KATTY PERRY MEOW DAMA 100 ML;MUJER;104.875
KATY PERRY;KATY PERRY KILLER QUEEN 100ML EDP;MUJER;100.680
KATY PERRY;KATY PERRY PURR 100ML EDP;MUJER;104.875
KATY PERRY;KATY PERRY OH SO SHEER  EDP 100ML;MUJER;134.240
KATY PERRY;KATY PERRY ROYAL REVOLUTION 100ML;MUJER;113.265
KENZO;KENZO PARFUM D ETE EDP 75ML;MUJER;314.625
KENZO;KENZO FLOWER EDP 100 ML +50BL+MINI;MUJER;373.355
KENZO;KENZO FLOWER 30ML EDP;HOMBRE;138.435
KENZO;KENZO FLOWER 100ML EDP;MUJER;323.015
KENZO;KENZO FLOWER EDT 100ML;MUJER;289.455
KENZO;KENZO FLOWER AIR 100ML EDP;MUJER;243.310
KENZO;KENZO FLOWER TAG 100ML EDP;MUJER;289.455
KENZO;KENZO FLOWER TAG 100ML EDT;MUJER;222.335
KENZO;MADLY 80ML EDT DAMA;MUJER;184.580
KENZO;MADLY 80ML EDP DAMA;MUJER;209.750
KENZO;L EAU PAR EDT 100 ML VARON SET 2PCS;HOMBRE;264.285
KENZO;L EAU PAR KENZO 100ML HOMBRE;HOMBRE;243.310
KENZO;LEAU PAR KENZO 2 HOMME 100ML;HOMBRE;222.335
KENZO;LE EAU PAR KENZO 100ML EDT DAMA;MUJER;243.310
KENZO;TESTER LEAU PAR KENZO EDT;T-HOMBRE;192.970
KENZO;TESTER LEAU PAR EDT TESTER;T-MUJER;192.970
KENZO;KENZO AMOUR EDP 100ML+SG+BL;MUJER;364.965
KENZO;KENZO JEU D´AMOUR DAMA  EDP 100ML;MUJER;343.990
KENZO;KENZO AMOUR 100ML EDP;MUJER;331.405
KENZO;TESTER KENZO AMOUR 100ML EDP DAMA;T-MUJER;281.065
KENZO;TESTER KENZO JEU DE AMOUR 100ML DAMA EDP;T-MUJER;297.845
KENZO;KENZO AMOUR L'EAU 72ML EDP;MUJER;250.861
KENZO;KENZO INDIAN HOLI 100ML EDP;MUJER;251.700
KENZO;KENZO 7:15 IN BALI 50ML;MUJER;151.020
KENZO;KENZO JUNGLE 100ML EDT;HOMBRE;260.090
KENZO;KENZO JUNGLE 100ML EDP;MUJER;331.405
KENZO;PEACE BY KENZO 100ML (NUEVO);MUJER;201.360
KENZO;KENZO POUR HOMME  100ML;HOMBRE;268.480
KENZO;KENZO HOMME NIGHT 100 ML;HOMBRE;268.480
KENZO;KENZO POWER EDT VARON 125 ML;HOMBRE;285.260
KENZO;KENZO SPORT 100ML VARON;HOMBRE;209.750
KENZO;TESTER KENZO LEAU INDIGO 100ML;T-MUJER;184.580
KENZO;TESTER KENZO MADLY 80ML EDP;T-MUJER;209.750
LACOSTE;LACOSTE ORIGINAL VARON EDT 100 ML;HOMBRE;255.895
LACOSTE;LACOSTE BOOSTER 125ML;HOMBRE;250.861
LACOSTE;LACOSTE LIVE EDT 100ML + 40ML;HOMBRE;243.310
LACOSTE;LACOSTE LIVE MALE 100ML+75MLDS+50ML SG;HOMBRE;234.920
LACOSTE;LACOSTE LIVE EDT VARON 100 ML;HOMBRE;222.335
LACOSTE;LACOSTE LIVE EDT VARON 40 ML;HOMBRE;142.630
LACOSTE;EAU LACOSTE JAUNE 1212 100 ML;HOMBRE;222.335
LACOSTE;EAU LACOSTE JAUNE 1212 175 ML;HOMBRE;302.040
LACOSTE;TESTER LACOSTE L12 JAUNE;T-HOMBRE;176.190
LACOSTE;TOUCH OF PINK SET EDT 90ML+BL150;MUJER;260.090
LACOSTE;TOUCH OF PINK 50ML;MUJER;192.970
LACOSTE;TOUCH OF PINK 90ML;MUJER;243.310
LACOSTE;LOVE OF PINK 90ML;MUJER;243.310
LACOSTE;JOY OF PINK 90ML;MUJER;222.335
LACOSTE;LACOSTE L.12.12 BLANC SET 100ML+GEL DUCHA;HOMBRE;251.700
LACOSTE;LACOSTE EAU DE L12.12 NEON 100ML;HOMBRE;234.920
LACOSTE;LACOSTE L 12.12 VERT 100ML;HOMBRE;197.165
LACOSTE;EAU DE BLANC 100ML EDT+GEL DE DUCHA;HOMBRE;243.310
LACOSTE;LACOSTE EAU DE BLANC 50ML EDT;HOMBRE;171.995
LACOSTE;LACOSTE EAU DE BLANC 100ML EDT;HOMBRE;234.920
LACOSTE;LACOSTE EAU DE BLANC 175ML EDT;HOMBRE;314.625
LACOSTE;LACOSTE EAU DE BLEU 100ML EDT;HOMBRE;234.920
LACOSTE;LACOSTE EAU DE ROUGE 50ML EDT;HOMBRE;171.995
LACOSTE;LACOSTE EAU ROUGE 100ML 100ML EDT;HOMBRE;234.920
LACOSTE;LACOSTE Essential Sport EDT (125ml);HOMBRE;218.140
LACOSTE;LACOSTE ESSENTIAL 125ML;HOMBRE;243.310
LACOSTE;LACOSTE ESSENTIAL 75ML;HOMBRE;192.970
LACOSTE;LACOSTE RED 125ML;HOMBRE;226.530
LACOSTE;LACOSTE RED 75ML;HOMBRE;180.385
LACOSTE;EAU DE LACOSTE L.12.12 NOIR 175ML EDT;HOMBRE;314.625
LACOSTE;LACOSTE NOIR 100ML EDT+SPRAY;HOMBRE;239.115
LACOSTE;LACOSTE NOIR SET 100ML+ SG 200ML;HOMBRE;247.505
LACOSTE;LACOSTE NOIR 100ML VARON;HOMBRE;226.530
LACOSTE;LACOSTE NOIR INTENSE 175ML VARON;HOMBRE;302.040
LACOSTE;LACOSTE POUR HOMME 100ML;HOMBRE;230.725
LACOSTE;LACOSTE POUR FEMME 90ML EDP;MUJER;234.920
LACOSTE;TESTER LACOSTE POUR HOMME;T-HOMBRE;197.165
LACOSTE;EAU DE LACOSTE FEMME EDP 90ML UC+ROBALL;MUJER;260.090
LACOSTE;EAU DE LACOSTE 50ML EDP;MUJER;184.580
LACOSTE;EAU DE LACOSTE 90ML EDP DAMA;MUJER;239.115
LACOSTE;LACOSTE CHALLENGE 90ML;HOMBRE;230.725
LACOSTE;LACOSTE CHALLENGE REFRESH 100ML EDT;HOMBRE;218.140
LACOSTE;LACOSTE SENSUAL 90ML EDP;MUJER;243.310
LACOSTE;LACOSTE EAU SENSUELLE EDP 90ML+SG150;MUJER;260.090
LACOSTE;TESTER LACOSTE WOMAN;T-MUJER;121.655
LANCOME;MIRACLE 100ML EDP DAMA;MUJER;394.330
LANCOME;POEME 100ML EDP;MUJER;440.475
LANCOME;LA VIE EST BELLA 100ML EDP;MUJER;448.865
LANCOME;LA VIE EST BELLE 75ML EDP;MUJER;398.525
LANCOME;O DE LANCOME 125ML;MUJER;239.115
LANCOME;O DE L'ORANGERIE EDT V125 ML;MUJER;230.725
LANCOME;LANCOME OUI DAMA  EDT 75ML;MUJER;306.235
LANCOME;LANCOME MAGIE NOIRE  EDT  75ML;MUJER;348.185
LANCOME;LANCOME TRESOR LA NUIT EDP  75 ML;MUJER;469.840
LANCOME;TRESOR 100ML EDP;MUJER;440.475
LANCOME;TRESOR 100ML EDT;MUJER;260.090
LANCOME;TRESOR 50ML EDP;MUJER;293.650
LANCOME;TRESOR LUMINEUSE 100ML EDP  NEW;MUJER;339.795
LANCOME;TRESOR MIDNIGHT ROSE 75ML EDP;MUJER;327.210
LANCOME;MAGIC NOIRE 75ML;MUJER;302.040
LANCOME;TRESOR IN LOVE 75ML EDP;MUJER;323.015
LANCOME;HYPNOSE 75ML EDP DAMA;MUJER;339.795
LANCOME;HYPNOSE SENSE 75ML EDP;MUJER;302.040
LANCOME;HYPNOSE LANCOME 75ML EDT VARON;HOMBRE;276.870
LANCOME;TESTER HYPNOSE 50ML;T-HOMBRE;184.580
LANVIN;OXYGENE 100ML VARON;HOMBRE;117.460
LANVIN;OXYGENE 75ML DAMA;MUJER;117.460
LANVIN;LANVIN HOMME  100ML EDT VARON;HOMBRE;146.825
LANVIN;RUMEUR 2 EDP 100ML;MUJER;184.580
LANVIN;RUMEUR ROSE 100ML EDP DAMA;MUJER;138.435
LANVIN;AVANT GARDE 100ML VARON;HOMBRE;146.825
LANVIN;ECLAT D'ARPEGE 100ML;MUJER;197.165
LANVIN;MARRY ME 75ML EDP;MUJER;184.580
LANVIN;ME 100ML EDP;MUJER;167.800
LANVIN;LANVIN ME 80ML EDP DAMA;MUJER;176.190
LANVIN;LANVIN GARDE 100ML EDT DAMA;MUJER;176.190
LANVIN;JEANNE 100ML EDP;MUJER;167.800
LANVIN;LANVIN ARPEGE DAMA 100 ML TESTER;T-MUJER;146.825
LANVIN;JEANNE COUTURE 100ML EDP;MUJER;167.800
LAPIDUS;FANTASME LAPIDUS 100ML;MUJER;109.070
LAPIDUS;SET CREATION 100ML+L100+G100ML;MUJER;151.020
LAPIDUS;CREATION 100ML;MUJER;88.095
LAPIDUS;CREATION DE MINUIT 40ML EDT;MUJER;58.730
LAPIDUS;CREATION DE MINUIT 100ML DAMA;MUJER;96.485
LAPIDUS;TESTER CREATION 100ML;T-MUJER;71.315
LAPIDUS;SET LAPIDUS 100ML+B100+G100ML;HOMBRE;142.630
LAPIDUS;LAPIDUS WOMAN 30ML;MUJER;58.730
LAPIDUS;LAPIDUS WOMAN 100ML;MUJER;104.875
LAPIDUS;LAPIDUS 30ML;HOMBRE;58.730
LAPIDUS;LAPIDUS 100ML;HOMBRE;92.290
LAPIDUS;LAPIDUS BLACK EXTREME 100ML VARON;HOMBRE;92.290
LAPIDUS;"LAPIDUS GOLD EXTREME 100ML ""NUEVO""";HOMBRE;117.460
LAPIDUS;TESTER GOLD EXTREME 100ML;T-HOMBRE;62.925
LAPIDUS;LAPIDUS ALCAZAR 30ML EDT;HOMBRE;67.120
LAPIDUS;"LAPIDUS ALCAZAR 100ML ""NUEVO""";HOMBRE;113.265
LAPIDUS;LAPIDUS SILK WAY 75ML DAMA;MUJER;83.900
LAPIDUS;LAPIDUS RUMBA PASSION 100ML DAMA;MUJER;83.900
LAPIDUS;TESTER RUMBA PASSION;T-MUJER;83.900
LAPIDUS;LAPIDUS  POUR LUI  100 ML EDT;HOMBRE;113.265
LAPIDUS;ALTAMIR 125ML VARON;HOMBRE;109.070
LAPIDUS;SET BLACK SOUL 100ML+B100+G100ML;HOMBRE;159.410
LAPIDUS;BLACK SOUL IMPERIAL 100ML VARON;HOMBRE;138.435
LAPIDUS;BLACK SOUL 30ML;HOMBRE;62.925
LAPIDUS;BLACK SOUL  100ML VARON;HOMBRE;121.655
LAPIDUS;WHITE SOUL 100ML EDP DAMA;MUJER;130.045
LAPIDUS;SET WHITE SOUL GOLD&DIAMONDS 3PCS;MUJER;171.995
LAPIDUS;LOLITA LEMPIKA MIDNIGTH ILUSION 100ML;MUJER;213.945
LAPIDUS;TESTER LAPIDUS HOMME 100ML;T-HOMBRE;62.925
LAPIDUS;TESTER LAPIDUS FANTASME;T-MUJER;83.900
LAPIDUS;TESTER LAPIDUS FANTASME LOVELY;T-MUJER;83.900
LOLITA LEMPICKA;"LOLITA ELLE L´AIME 80ML ""NUEVO""";MUJER;222.335
LOLITA LEMPICKA;LOLITA LEMPICA 100ML EDT VARON;HOMBRE;146.825
LOLITA LEMPICKA;LOLITA LEMPICKA 100ML EDP;MUJER;205.555
LOLITA LEMPICKA;LOLITA LEMPICA DAMA EDP 100 ML + BL;MUJER;243.310
LOLITA LEMPICKA;LOLITA LEMPICKA SI EDP 75ML;MUJER;180.385
LOLITA LEMPICKA;LOLITA EAU EN BLANC 100ML EDP NUEVO;MUJER;197.165
LOEWE;LOEWE ESSENCIA SPORT EDT 100 ML;HOMBRE;343.990
LOEWE;LOEWE ESSENCIA SPORT EDT 150 ML;HOMBRE;385.940
MARC JACOBS;DAISY EAU SO FRESH 125 ML;MUJER;314.625
MARC JACOBS;TESTER MARC JACOBS LOLA 100ML EDP;T-MUJER;226.530
MARINA DE BOURBON;REVERENCE 100ML EDP;MUJER;130.045
MARINA DE BOURBON;FLEUR DE LYS 100ML EDP;MUJER;121.655
MARINA DE BOURBON;PRINCE NOIR MEN 100ML EDP;HOMBRE;109.070
MARINA DE BOURBON;PRINCE BLANC 100ML EDP;HOMBRE;109.070
MAUBOSSIN;PROMISE ME EDP 90ML;MUJER;188.775
MAUBOSSIN;TESTER MAUBOSIN PROMISE ME EDP 90ML;T-MUJER;117.460
MAUBOSSIN;A LA FOLIE SET EDP PRESTIGE SET;MUJER;234.920
MAUBOSSIN;A LA FOLIE EDP 100ML;MUJER;188.775
MAUBOSSIN;TESTER MAUBOSSIN A LA FOLIE EDP 100ML;T-MUJER;117.460
MAUBOSSIN;LOVELY A LA FOLIE EDP 100ML;MUJER;188.775
MAUBOSSIN;TESTER MAUBOSSIN LOVELY A LA FOLIE 100ML;T-MUJER;121.655
MAUBOSSIN;MAUBOUSSIN FEMME EDP 100ML;MUJER;167.800
MAUBOSSIN;ELIXIR POUR ELLE SET EDP PRESTIGE SET;MUJER;264.285
MAUBOSSIN;MAUBOUSSIN POUR ELLE EDP 100ML;MUJER;188.775
MAUBOSSIN;TESTER MABOUSSIN POUR LUI 100ML EDP;T-HOMBRE;117.460
MAUBOSSIN;MAUBOUSSIN HOMME EDP 100ML;HOMBRE;138.435
MAUBOSSIN;ELIXIR POUR ELLE EDP 100ML;MUJER;226.530
MAUBOSSIN;TESTER MAUBOSSIN ELIXIR POUR ELLE 100ML;T-MUJER;134.240
MAUBOSSIN;MAUBOUSSIN POUR LUI EDP 100ML;HOMBRE;176.190
MAUBOSSIN;POUR LUI IN BLACK SET PRESTIGE SET;HOMBRE;218.140
MAUBOSSIN;POUR LUI TIME OUT EDP 100ML;HOMBRE;176.190
MAUBOSSIN;POUR LUI EDP 100ML;HOMBRE;176.190
MAUBOSSIN;POUR LUI IN BLACK EDP 100ML;HOMBRE;176.190
MAUBOSSIN;TESTER MABOUSSIN TIME OUT 100ML EDP;HOMBRE;117.460
MERCEDES BENZ;MB GIF SET  FOR MEN EDT 75 ML +DEO;HOMBRE;188.775
MERCEDES BENZ;MB TRAVEL  SET  FOR MEN EDT 75 ML +DEO;HOMBRE;188.775
MERCEDES BENZ;MERCEDES -BENZ FOR MEN EDT 120 ML;HOMBRE;239.115
MERCEDES BENZ;MERCEDES -BENZ FOR MEN EDT 75 ML;HOMBRE;188.775
MERCEDES BENZ;MB GIF SET  FOR MEN INTENSE EDT 75 ML +DEO;HOMBRE;155.215
MERCEDES BENZ;MERCEDES -BENZ FOR MEN INTENSE EDT 120 ML;HOMBRE;260.090
MERCEDES BENZ;MERCEDES -BENZ FOR MEN INTENSE EDT 75 ML;HOMBRE;201.360
MERCEDES BENZ;MB GIF SET  FOR MEN CLUB EDT 100 ML +SG;HOMBRE;230.725
MERCEDES BENZ;MB GIF SET  FOR MEN CLUB EDT 50 ML +DEO;HOMBRE;167.800
MERCEDES BENZ;MB TRAVEL  SET  FOR MEN CLUB EDT 50 ML +DEO;HOMBRE;167.800
MERCEDES BENZ;MERCEDES -BENZ FOR MEN CLUB EDT 100 ML;HOMBRE;230.725
MERCEDES BENZ;MERCEDES -BENZ FOR MEN CLUB EDT 50 ML;HOMBRE;167.800
MERCEDES BENZ;MB GIF SET  WOMAN EDT 60 ML +BL;MUJER;188.775
MERCEDES BENZ;MERCEDES -BENZ FOR WOMAN EDT 90 ML;MUJER;239.115
MERCEDES BENZ;MERCEDES -BENZ FOR WOMAN EDT 60 ML;MUJER;188.775
MERCEDES BENZ;MERCEDES -BENZ FOR WOMAN ROSE EDT 90 ML;MUJER;239.115
MERCEDES BENZ;MERCEDES -BENZ FOR WOMAN ROSE EDT 60 ML;MUJER;188.775
MICHEAL KORS;MICHAEL KORS 100ML EDP DAMA;MUJER;339.795
MONTANA;MONTANA HOMME 125ML;HOMBRE;134.240
MONTANA;MONTANA SEXY 100ML;MUJER;121.655
MONTANA;MONTANA SOFT 100ML;MUJER;125.850
MONTANA;MONTANA SENSUAL 100ML;MUJER;121.655
MONT BLANC;EMBLEM 100ML;HOMBRE;209.750
MONT BLANC;STARWALKER 75ML;HOMBRE;151.020
MONT BLANC;HOMME EXCEPTIONEL 75ML;HOMBRE;142.630
MONT BLANC;LEGEND 100ML;HOMBRE;192.970
MONT BLANC;LEGEND 100ML EDP NUEVO;MUJER;192.970
MONT BLANC;LEGEND INTENSE 100ML;HOMBRE;201.360
MONT BLANC;FEMME 75ML;MUJER;142.630
MONT BLANC;INDIVIDUELLE FEMME 75ML EDP;MUJER;138.435
MONT BLANC;INDIVIDUEL 75ML VARON;HOMBRE;151.020
MONT BLANC;PRESENCE 75ML;HOMBRE;155.215
MONT BLANC;PRESENCE DUNE FEMME 75ML EDP;MUJER;142.630
MOSCHINO;MOSCHINO LIGHT CLOUDS 100ML;MUJER;197.165
MOSCHINO;MOSCHINO PINK BOUQUET EDT 100ML;MUJER;201.360
MOSCHINO;MOSCHINO GLAMOUR EDP 100ML;MUJER;201.360
MOSCHINO;MOSCHINO CHIC PETAL 100ML;MUJER;201.360
MOSCHINO;MOSCHINO CHEAP CHIC EDT 100ML;MUJER;205.555
MOSCHINO;I LOVE LOVE 100ML MOSCHINO;MUJER;208.911
MOSCHINO;HIPPI FIZZ 100ML DAMA;MUJER;201.360
MOSCHINO;FUNNY MOSCHINO 100ML;MUJER;205.555
MOSCHINO;MOSCHINO SAILYUS EDT 100ML;MUJER;197.165
MOSCHINO;MOSCHINO FOREVER EDT 100ML;MUJER;197.165
MOLYNEUX;QUARTZ WOMEN 100ML EDP;MUJER;109.070
MOLYNEUX;QUARTZ POUR HOMME 100ML;HOMBRE;100.680
MOLYNEUX;SILVER QUARTZ;HOMBRE;100.680
MOLYNEUX;MODER QUARTZ WOMEN;MUJER;104.875
MTV;MTV NEON METALl MUJER EDT 75ml;MUJER;83.061
MTV;MTV ELECTRIC BEAT MUJER EDT 75ml;MUJER;83.061
MTV;MTV MUJER EDT 75ml;MUJER;83.061
MTV;MTV ROCK MUJER EDT 75ml;MUJER;83.061
MTV;MTV HOMBRE EDT 75ml;HOMBRE;83.061
MTV;MTV AMPLIFY HOMBRE EDT 75ml;HOMBRE;83.061
MTV;MTV JAMMING VIBE HOMBRE EDT 75ml;HOMBRE;83.061
MTV;MTV SOUND CHECK HOMBRE EDT 75ml;HOMBRE;83.061
NAUTICA;NAUTICA EDT VARON 100 ML;HOMBRE;58.730
NAUTICA;NAUTICA BLUE 100ML;HOMBRE;58.730
NICKI MINAJ;NICKI MINAJ PINK FRIDAY EDP 100 ML;MUJER;188.775
NICKI MINAJ;TAYLOR SWIFT MIST 236 ML;MUJER;37.755
NICKI MINAJ;MARIAH CAREY ULTRA PINK 240ML;MUJER;37.755
NICKI MINAJ;MINAJESTY EDP 100 ML;MUJER;155.215
NINA RICCI;NINA RICCI PREMIER JOUR EDP 100 ML;MUJER;243.310
NINA RICCI;TESTER NINA RICCI PREMIER JOUR EDP 100ML;T-MUJER;213.945
NINA RICCI;NINA MADEMOISELLE 80ML EDP;MUJER;247.505
NINA RICCI;NINA RICCI L'AIR DU TEMPS 50ML EDT;MUJER;146.825
NINA RICCI;NINA RICCI L EAU EDT 80 ML;MUJER;243.310
NINA RICCI;NINA RICCI ELIXIR EDP 80 ML;MUJER;250.861
NINA RICCI;NINA  DE NINA RICCI 80ML;MUJER;268.480
NINA RICCI;RICCI RICCI 80ML EDP;MUJER;243.310
NIKE;NIKE RED HOMBRE SET EDT 50ml /Deo 200ml;HOMBRE;49.501
NIKE;NIKE RED HOMBRE EDT 100ml;HOMBRE;49.501
NIKE;NIKE GREEN HOMBRE SET EDT 50ml /Deo 200ml;HOMBRE;49.501
NIKE;NIKE GREEN MAN EDT 100ml;HOMBRE;49.501
NIKE;NIKE INDIGO HOMBRE SET EDT 50ml /Deo 200ml;HOMBRE;49.501
NIKE;NIKE INDIGO MAN EDT 100ml;HOMBRE;49.501
NIKE;NIKE BROWN HOMBRE EDT 100ml;HOMBRE;49.501
NIKE;NIKE AZURE MUJER SET EDT 50ml /Deo 200ml;MUJER;49.501
NIKE;NIKE AZURE MUJER EDT 100ml;MUJER;49.501
NIKE;NIKE PINK SET MUJER  EDT 50ml /Deo 200ml;MUJER;49.501
NIKE;NIKE PINK MUJER EDT 100ml;MUJER;49.501
NIKE;NIKE GREEN MUJER EDT 100ml;MUJER;49.501
NIKE;NIKE PURPLE MUJER EDT 100ml;MUJER;49.501
NARCISE RODRIGUEZ;TESTER NARCISE RODRIGUEZ EDT;T-MUJER;318.820
NIÑO (A);DORA ADORABLE 100ML NIÑA;Niña;33.560
;DORA STARRY NIGHT 100ML NIÑA;Niña;33.560
;DORA ADORABLE EDT 100 ML;Niña;33.560
;DORA & BOOTS EDT 100 ML;Niña;33.560
;DORA EXPLORER EDT 100 ML;Niña;33.560
;DORA STARRY NIGHT 100ML SET 2PCS NIÑA;Niña;41.950
;DORA ADORABLE 100ML SET 2PCS NIÑA;Niña;41.950
;ICARLY CLICK 100ML NIÑA;Niña;33.560
;ICARLY SWEET 100ML NIÑA;Niña;33.560
;ICARLY CLICK EDT 100 ML+ BODY WASH;Niña;41.950
;ICARLY SWEET EDT 100 ML+BODY WASH;Niña;41.950
;BOB ESPONJA 10TH 100ML NIÑO;Niño;33.560
;BOB ESPONJA 10TH 100ML NIÑA;Niña;33.560
;BOB ESPONJA 100ML SET 2PCS NIÑO;Niño;41.950
;BOB ESPONJA 100ML SET 2PCS NIÑA;Niña;41.950
;DIEGO 100ML NIÑO;Niño;33.560
;CAT WOMAN EDT 100 ML;Niña;54.535
;HARLEY QUINN EDT 100 ML;Niño;54.535
;WONDER WOMAN EDT 100 ML;Niña;54.535
;SIMPSONS FOR BOY O GIRL EDT 100 ML;Niños;33.560
;BERRY FABULOUS EDT 100 ML;Niño;33.560
;LALALOOPSY EDT 100 ML;Niño;33.560
;STAR WARS EDT 10O  ML;Niño;33.560
;BUBBLE GUPPIES BOY o Girl EDT 100 ML;Niño;33.560
;PR SHARK EDT 100 ML;Niño;33.560
;DCB SUPERGIRL EDT 30 ML;Niño;12.585
;DCB HARLEY QUINN EDT 30 ML;Niño;12.585
;DCB POISON IVY EDT 30 ML;Niño;12.585
;DCB WONDER WOMAN EDT 30 ML;Niño;12.585
;JL FLASH EDT 100 ML;Niño;33.560
;LOONEY TUNES EDT 100 ML;Niño;33.560
;THE JOKER EDT 100 ML;Niño;33.560
;TWEETY EDT 100 ML;Niño;33.560
;TWEETY TWEET EDT 100 ML;Niño;33.560
;SMURFS SET-PAPA PITUFO 2PCS (50ML+SG 75ML);Niño;41.950
;SMURFS SET-VANIDOSO 2PCS (50ML+SG 75ML);Niño;41.950
;SMURFS SET-INTELIGENTE 2PCS (50ML+SG 75ML);Niño;41.950
;BUCS BUNNY EDT 100 ML;Niño;33.560
;DAFFY DUCK EDT 100 ML;Niño;33.560
ONE DIRECTION;ONE DIRECTION THAT MOMENT 100 ML;MUJER;134.240
ONE DIRECTION;OUR MOMENT 100ML;MUJER;142.630
OSCAR DE LA RENTA;OSCAR POUR LUI 90ML;HOMBRE;113.265
OSCAR DE LA RENTA;OSCAR ESPIRIT 200ML;HOMBRE;239.115
OSCAR DE LA RENTA;SO DE LA RENTA EDT 100 ML + BL 200 ML;MUJER;146.825
OSCAR DE LA RENTA;SO DE LA RENTA 100ML;MUJER;104.875
OSCAR DE LA RENTA;VOLUPTE 100 ML SET+ BL;MUJER;146.825
OSCAR DE LA RENTA;VOLUPTE 100ML;MUJER;117.460
OSCAR DE LA RENTA;ROSA AMOR 100ML+ BL;MUJER;146.825
OSCAR DE LA RENTA;ROSA  AMOR 100ML;MUJER;109.070
OSCAR DE LA RENTA;OSCAR DE LA RENTA SOMETHING BLUE 100ML;MUJER;138.435
OSCAR DE LA RENTA;OSCAR DE LA RENTA 100ML SET 2PCS;MUJER;226.530
OSCAR DE LA RENTA;OSCAR DE LA RENTA 100ML EDT DAMA;MUJER;218.140
OSCAR DE LA RENTA;OSCAR DE LA RENTA FLOR EDP 100ML NUEVO;MUJER;239.115
OSCAR DE LA RENTA;OSCAR DE RENTA AMARILLO 100ML EDT;HOMBRE;92.290
OSCAR DE LA RENTA;TESTER  LIVE IN LOVE;T-MUJER;125.850
PARIS HILTON;CAN CAN SET 100ML+BL+GEL+MINI;MUJER;192.970
PARIS HILTON;CAN CAN 100ML EDP;MUJER;142.630
PARIS HILTON;P.HILTON CAN CAN BURLESQUE 100+BL+GEL+MINI;MUJER;192.970
PARIS HILTON;PARIS HILTON CAN CAN BURLESQUE 100ML;MUJER;142.630
PARIS HILTON;PARIS HILTON WITH LOVE EDP 100 ML;MUJER;159.410
PARIS HILTON;PARIS HILTON EDP 100ML+BL+GEL+MINI;MUJER;192.970
PARIS HILTON;PARIS HILTON EDT 100ML HOMBRE;HOMBRE;130.045
PARIS HILTON;PARIS HILTON EDP 100 ML;MUJER;142.630
PARIS HILTON;SIRENE 100ML;MUJER;96.485
PARIS HILTON;HEIRESS 100ML+ BL+GEL+MINI;MUJER;192.970
PARIS HILTON;HEIRESS 100ML EDP;MUJER;142.630
PARIS HILTON;JUST ME 100ML EDP;MUJER;130.045
PARIS HILTON;JUST ME 100ML;HOMBRE;125.850
PARIS HILTON;P.HILTON TEASE EDP  100 ML;MUJER;96.485
PARIS HILTON;PARIS HILTON DAZZLE 125ML EDP DAMA;MUJER;125.850
PARIS HILTON;PASSPORT IN PARIS 100ML;MUJER;54.535
PARIS HILTON;PASSPORT IN SOUTH BEACH 100ML;MUJER;54.535
PARIS HILTON;PASSPORT IN TOKYO 30ML;MUJER;16.780
PARIS HILTON;PASSPORT IN TOKYO 100ML;MUJER;54.535
PARIS HILTON;PASSPORT IN ST.MORIZ 100ML;MUJER;54.535
PARIS HILTON;P.HILTON FAIRY DUST 100ML;MUJER;54.535
PACO RABANNE;PACO RABANNE OLYMPEA 80ML;MUJER;460.611
PACO RABANNE;PACO CALANDRE 100 ML;MUJER;352.380
PACO RABANNE;INVICTUS SET 100ML+ SG 100ML;HOMBRE;402.720
PACO RABANNE;INVICTUS 100ML NUEVO;HOMBRE;360.770
PACO RABANNE;PACO (CAJA METALICA) 100ML;HOMBRE;151.020
PACO RABANNE;PACO RABANNE 100ML;HOMBRE;230.725
PACO RABANNE;PACO RABANNE 200ML;HOMBRE;331.405
PACO RABANNE;LADY MILLION EDP 80ML;MUJER;369.160
PACO RABANNE;PACO RABANNE Lady Million EDT (80ml);MUJER;323.015
PACO RABANNE;ONE MILLION 80ML EDP;HOMBRE;364.965
PACO RABANNE;ONE MILLION 100ML;HOMBRE;348.185
PACO RABANNE;ONE MILLION 200ML;HOMBRE;444.670
PACO RABANNE;ONE MILLION INTENSE EDT 100 ML;HOMBRE;343.990
PACO RABANNE;ULTRAVIOLET 80ML EDP SET +BL;MUJER;289.455
PACO RABANNE;ULTRAVIOLET 80ML EDP;MUJER;260.090
PACO RABANNE;ULTRAVIOLET 100ML +DEO;HOMBRE;289.455
PACO RABANNE;ULTRAVIOLET 100ML;HOMBRE;260.090
PACO RABANNE;TESTER ULTRAVIOLET 100ML;T-HOMBRE;213.945
PACO RABANNE;ULTRARED 80 ML DAMA;MUJER;318.820
PACO RABANNE;XS MEN 100ML + DEO;HOMBRE;260.090
PACO RABANNE;XS MEN 100ML;HOMBRE;222.335
PACO RABANNE;XS BLACK 100ML +DEO;HOMBRE;297.845
PACO RABANNE;XS BLACK 100ML;HOMBRE;276.870
PACO RABANNE;XS BLACK L'EXCESS 80ML EDP SET 2PCS;MUJER;285.260
PACO RABANNE;XS BLACK L'EXCESS 80ML EDP;MUJER;302.040
PACO RABANNE;XS BLACK L´EXCESS 100ML SET 2PZAS.;HOMBRE;272.675
PACO RABANNE;XS BLACK L'EXCESS 100ML EDP;HOMBRE;264.285
PACO RABANNE;XS BLACK BE A LEGEND 100ML;HOMBRE;285.260
PACO RABANNE;XS BLACK DAMA 80ML +100ML BL (METAL) SET;MUJER;334.761
PACO RABANNE;XS BLACK 80ML DAMA;MUJER;323.015
PACO RABANNE;XS BLACK APHRODISIAQUE 80ML DAMA;MUJER;289.455
PACO RABANNE;XS BLACK BE A LEGEND 85ML;MUJER;314.625
PACO RABANNE;BLACK XS POTION FOR HER 80ML  EDT;MUJER;289.455
PABLO PICASSO;PALOMA PICASSO 50ML + BL+ 200ML;MUJER;272.675
PABLO PICASSO;PALOMA PICASSO 100ML;MUJER;327.210
PABLO PICASSO;MINOTAURE 75ML;HOMBRE;272.675
PRADA;TESTER PRADA AMBER;T-MUJER;352.380
PERRY ELLIS;PERRY ELLIS  18 DAMA 100 ML;MUJER;155.215
PERRY ELLIS;PERRY ELLIS  18 INTENSE VARON 100 ML;HOMBRE;121.655
PERRY ELLIS;PERRY ELLIS  360 CORAL 100+BL 90 ML +SG +MINI;MUJER;192.970
PERRY ELLIS;PERRY ELLIS  360 CORAL DAMA 100 ML;MUJER;155.215
PERRY ELLIS;PERRY ELLIS  360 PURPLE 100+BL 90 ML +SG +MINI;MUJER;192.970
PERRY ELLIS;PERRY ELLIS  360 PURPLE  DAMA 100 ML;MUJER;155.215
PERRY ELLIS;PERRY ELLIS DAMA EDP SPR 100ML;MUJER;158.571
PERRY ELLIS;PERRY ELLIS 360 VARON 100ML;HOMBRE;134.240
PERRY ELLIS;PERRY ELLIS 18 VARON 100ML;HOMBRE;134.240
PERRY ELLIS;PERRY ELLIS 18 SENSUAL DAMA 100ML;MUJER;155.215
PERRY ELLIS;PERRY ELLIS  POUR HOMME  100+AS 50 ML +SG +MINI;HOMBRE;192.970
PERRY ELLIS;PERRY ELLIS POUR HOMME 100ML;HOMBRE;155.215
PERRY ELLIS;PERRY ELLIS  360 DAMA 100 ML;MUJER;155.215
PERRY ELLIS;PERRY ELLIS  360 COLLECTION 100 ML;HOMBRE;155.215
PERRY ELLIS;PERRY ELLIS  360 COLLECTION EDP 100 ML;MUJER;171.995
PERRY ELLIS;PERRY ELLIS  VARON 100 ML;HOMBRE;142.630
PERRY ELLIS;PERRY ELLIS PLATINUM  VARON 100 ML;HOMBRE;113.265
PERRY ELLIS;PERRY ELLIS  AQUA FOR MEN 100 ML;HOMBRE;142.630
PERRY ELLIS;PERRY ELLIS  SPIRITED 100 ML;HOMBRE;142.630
PERRY ELLIS;PERRY ELLIS  360 COBALT  100+AS 50 ML +SG +MINI;HOMBRE;192.970
PERRY ELLIS;PERRY ELLIS  COBALT VARON 100 ML;HOMBRE;155.215
PERRY ELLIS;PERRY ELLIS  360 CITRON  100+AS 50 ML +SG +MINI;HOMBRE;192.970
PERRY ELLIS;PERRY ELLIS  CITRON 100 ML;HOMBRE;146.825
PERRY ELLIS;PERRY ELLIS  360 RED VARON 100 ML;HOMBRE;134.240
PERRY ELLIS;TESTER PERRY ELLIS RED VARON 100ML;T-HOMBRE;100.680
PERRY ELLIS;360 MINI 7,5 ML(360  +PURPLE+CORAL+COLLECTION);MUJER;134.240
PERRY ELLIS;PENGUIN BLEND EDT 100 ML;HOMBRE;155.215
PERRY ELLIS;PERRY  VARON EDT SPR 100ML;HOMBRE;141.791
PENGUIN;ORIGINAL PENGUIN BY MUNSINGWEAR EDT SPR 100ML;HOMBRE;134.240
PENGUIN;ROCKS BY ORIGINAL PENGUIN EDT SPR 100ML;HOMBRE;134.240
PENGUIN;RESERVE BY ORIGINAL PENGUIN EDT SPR 100ML;HOMBRE;134.240
PUIG;QUORUM 100ML SET 2PCS;HOMBRE;100.680
PUIG;QUORUM TRADICIONAL 100ML;HOMBRE;79.705
PUIG;QUORUM SILVER EDT 100ML + AS;HOMBRE;96.485
PUIG;QUORUM SILVER 100ML;HOMBRE;79.705
PUIG;AQUA QUORUM 100ML;HOMBRE;79.705
PUIG;AGUA BRAVA AZUL 100ML;HOMBRE;75.510
PUIG;TESTER AGUA BRAVA 100ML SPRAY VARON;T-HOMBRE;46.145
PUIG;AGUA BRAVA 100ML C/ATOMIZADOR;HOMBRE;79.705
PUIG;AGUA BRAVA 200ML;HOMBRE;91.451
PUIG;AGUA BRAVA 350ML;HOMBRE;141.791
PUIG;PINO SILVESTRE 125ML;HOMBRE;79.705
PUIG;AGUA BRAVA 500ML;HOMBRE;176.190
RALPH LAUREN;POLO BLUE 125ML;HOMBRE;331.405
RALPH LAUREN;POLO BLUE 200ML;HOMBRE;418.661
RALPH LAUREN;POLO BLACK 125ML;HOMBRE;331.405
RALPH LAUREN;POLO BLACK 200ML;HOMBRE;411.110
RALPH LAUREN;POLO DOUBLE BLACK EDT VAPO 125 ML.;HOMBRE;348.185
RALPH LAUREN;POLO RED 125ML;HOMBRE;334.761
RALPH LAUREN;POLO RED 200ML;HOMBRE;385.940
RALPH LAUREN;"POLO RED 125ML VARON ""NUEVO"" SET";HOMBRE;394.330
RALPH LAUREN;POLO GREEN 118ML;HOMBRE;323.015
RALPH LAUREN;POLO GREEN 237ML;HOMBRE;402.720
RALPH LAUREN;TESTER POLO GREEN 118ML;T-HOMBRE;268.480
RALPH LAUREN;POLO BIG PONY N 1 125ML (AZUL);HOMBRE;314.625
RALPH LAUREN;POLO BIGPONY N 2 125ML VARON;HOMBRE;314.625
RALPH LAUREN;POLO BIGPONY N 3 125ML VARON;HOMBRE;281.065
RALPH LAUREN;POLO BIGPONY N4 125ML VARON;HOMBRE;281.065
RALPH LAUREN;POLO BIGPONY N 1 100ML   (CELESTE);MUJER;306.235
RALPH LAUREN;POLO BIGPONY N 1 50ML     (CELESTE);MUJER;197.165
RALPH LAUREN;POLO BIG PONY N 2 100ML (ROSADO);MUJER;314.625
RALPH LAUREN;POLO BIG PONY N 2 50ML   (ROSADO);MUJER;197.165
RALPH LAUREN;POLO BIG PONY N 3 100ML (AMARILLO);MUJER;314.625
RALPH LAUREN;POLO BIG PONY N 4 50ML   (MORADO);MUJER;197.165
RALPH LAUREN;POLO BIG PONY N 4 100ML (MORADO);MUJER;314.625
RALPH LAUREN;SAFARI MEN 125ML;HOMBRE;377.550
RALPH LAUREN;SAFARI WOMAN 75ML EDP;MUJER;352.380
RALPH LAUREN;RALPH 100ML DAMA EDT;MUJER;306.235
RALPH LAUREN;RALPH 50ML DAMA;MUJER;234.920
RALPH LAUREN;RALPH FRESH  DAMA 100 ML;MUJER;377.550
RALPH LAUREN;RALPH BLUE DAMA 125ML;MUJER;406.915
RALPH LAUREN;RALPH LAUREN BLUE DAMA 75 ML;MUJER;385.940
RALPH LAUREN;POLO RALPH 50ML EDT;MUJER;247.505
RALPH LAUREN;LAUREN 125ML  EDT;MUJER;415.305
RALPH LAUREN;POLO SPORT EDT 75ML;HOMBRE;264.285
RALPH LAUREN;POLO SPORT 125ML EDT;HOMBRE;318.820
RALPH LAUREN;POLO RED WHITE BLUE 125ML;HOMBRE;297.845
RALPH LAUREN;POLO BLUE SPORT 125ML;HOMBRE;247.505
RALPH LAUREN;ROMANCE 100ML EDP;MUJER;406.915
RALPH LAUREN;ROMANCE MIDNIGTH EDP DAMA 100 ML;MUJER;398.525
RALPH LAUREN;TESTER POLO CLUB;T-MUJER;141.791
REVLON;CHARLIE WHITE EAU FRAICHE 100ML;MUJER;29.365
REVLON;CHARLIE GOLD;MUJER;29.365
REVLON;CHARLIE RED 100ML EDT;MUJER;29.365
REVLON;CHARLIE SILVER 100ML;MUJER;29.365
REVLON;CHARLIE BLUE 100ML EDT;MUJER;29.365
RIHANNA;RIHANNA ROUGE EDP 125 ML;MUJER;155.215
RIHANNA;"RIHANNA NUDE 100ML EDP DAMA ""NUEVO""";MUJER;155.215
RIHANNA;RIHANNA REBELLE 100ML +90BL 90GL +MINI;MUJER;151.020
RIHANNA;RIHANNA REB`L FLEUR 100ML EDP;MUJER;138.435
RIHANNA;REBELLE BY RIHANNA 100ML EDP DAMA;MUJER;134.240
ROBERTO CAVALLI;ROBERTO CAVALLI ACQUA 75ML DAMA;MUJER;272.675
ROBERTO CAVALLI;TESTER ROBERTO CAVALLI ACQUA;T-MUJER;209.750
ROBERTO CAVALLI;TESTER JUST CAVALLI 75ML EDT;T-MUJER;167.800
ROBERTO CAVALLI;TESTER ROBERTO CAVALLI ABSOLUTE;T-MUJER;209.750
ROCHAS;ROCHAS MAN EDT 100ML +50ML;HOMBRE;209.750
ROCHAS;ROCHAS MAN 100ML;HOMBRE;176.190
ROCHAS;MADAME ROCHAS 100ML;MUJER;176.190
ROCHAS;ROCHAS FEMME 100ML;MUJER;176.190
SALVADOR DALI;S. DALI DALI DAMA EDT 100 ML;MUJER;146.825
SALVADOR DALI;S.DALI DALIFLOR DAMA EDT 100 ML;MUJER;100.680
SALVADOR DALI;S.DALI DALIMIX BLACK DAMA  EDT 100 ML;MUJER;100.680
SALVADOR DALI;S.DALI DALIMIX GOLD DAMA  EDT 100 ML;MUJER;100.680
SALVADOR DALI;S.DALI DALIMIX ORIGINAL DAMA  EDT 100 ML;MUJER;100.680
SALVADOR FERRAGAMO;ATTIMO 100ML EDP DAMA;MUJER;234.920
SALVADOR FERRAGAMO;FERRAGAMO INCANTO DREAM 100ML;MUJER;142.630
SALVADOR FERRAGAMO;FERRAGAMO INCANTO HEAVEN 100ML;MUJER;142.630
SALVADOR FERRAGAMO;ATTIMO FLORAL;MUJER;201.360
SALVADOR FERRAGAMO;F BY FERRAGAMO POUR HOMME 100ML;HOMBRE;155.215
SALVADOR FERRAGAMO;F BY FERRAGAMO HOMME BLACK 100ML;HOMBRE;146.825
SALVADOR FERRAGAMO;F BY FERRAGAMO FREE TIME 100ML;HOMBRE;142.630
SALVADOR FERRAGAMO;SIGNORINA 100ML EDP;MUJER;247.505
SALVADOR FERRAGAMO;AQUA ESSENZIALE BLU PIUR MEN 100ML;HOMBRE;197.165
SALVADOR FERRAGAMO;EMOZIONE 100ML EDP;MUJER;268.480
SALVADOR FERRAGAMO;AQUA ESSENZIALE 100ML EDP;HOMBRE;192.970
SALVADOR FERRAGAMO;ATTIMO POUR HOMME 100ML VARON;HOMBRE;151.020
SALVADOR FERRAGAMO;AQUA DE EZZENZA;MUJER;176.190
SHAKIRA;SHAKIRA 80ML EAU FLORALE;MUJER;113.265
SHAKIRA;SHAKIRA AQUAMARINE 80ML;MUJER;104.875
SHAKIRA;SHAKIRA WILD ELIXIR 80ML  EDT SET 2PCS;MUJER;92.290
SHAKIRA;SHAKIRA WILD ELIXIR 80ML  EDT;MUJER;113.265
SHAKIRA;S DE SHAKIRA 80ML +CORPORATE BAG;MUJER;88.095
SHAKIRA;S BY SHAKIRA 80ML DAMA;MUJER;113.265
SHAKIRA;SHAKIRA FLORALE 80ML + BODY 100ML;MUJER;88.095
SHAKIRA;SHAKIRA FLORALE 80ML;MUJER;104.875
SHAKIRA;SHAKIRA ELIXIR 80ML +BODY 100ML;MUJER;88.095
SHAKIRA;SHAKIRA ELIXIR 80ML;MUJER;96.485
SHAKIRA;SHAKIRA ROCK 80ML;MUJER;96.485
TERRE DE HERMES;HERMES VOYAGE D'HERMES EDT VARON 100 ML;HOMBRE;385.940
TERRE DE HERMES;TERRE D'HERMES 100ML EDT FOR MEN;HOMBRE;390.135
THIERRY MUGLER;ANGEL 80ML EDT DAMA REFILL;MUJER;306.235
THIERRY MUGLER;ANGEL GRAVITY STAR 75ML EDP REFILL;MUJER;469.840
THIERRY MUGLER;ANGEL ALIEN 60ML EDT DAMA SET 2PCS;MUJER;369.160
THIERRY MUGLER;ANGEL ALIEN 60ML EDT DAMA;MUJER;310.430
THIERRY MUGLER;ANGEL 50ML EDP NREF;MUJER;352.380
THIERRY MUGLER;ANGEL 50ML EDP REFILL;MUJER;377.550
THIERRY MUGLER;TESTER ANGEL 100ML;T-MUJER;423.695
THIERRY MUGLER;TESTER ANGEL 75ML;T-MUJER;364.965
THIERRY MUGLER;ANGEL MEN EDT 100ML REFILL;HOMBRE;281.065
THIERRY MUGLER;ANGEL TRAVEL SET 50ML EDP+BL 100ML;MUJER;377.550
THIERRY MUGLER;ALIEN TRAVEL SET 60ML REF+ BL 100ML;MUJER;377.550
THIERRY MUGLER;AMEN TRAVEL SET LES ESSENTIELS;HOMBRE;281.065
THIERRY MUGLER;TM SET MINIATURAS 5ML;MUJER;171.995
THIERRY MUGLER;ANGEL PERFUMING BL 200ML;MUJER;171.995
THIERRY MUGLER;AMEN RUBBER EDT 100ML REFILL;HOMBRE;281.065
THIERRY MUGLER;AMEN 100ML REFILL;HOMBRE;285.260
THIERRY MUGLER;AMEN RUBBER EDT 50ML REFILL;HOMBRE;184.580
THIERRY MUGLER;ALIEN 60ML EDP REFILL;MUJER;377.550
THIERRY MUGLER;ALIEN 60ML EDP NREF;MUJER;310.430
THIERRY MUGLER;ALIEN 90ML EDP REFILL;MUJER;499.205
THIERRY MUGLER;TESTER ALIEN 90ML EDP;T-MUJER;334.761
THIERRY MUGLER;ALIEN 60ML EDT NREF;MUJER;247.505
THIERRY MUGLER;ANGEL 100ML EDP;MUJER;469.840
THIERRY MUGLER;ALIEN ESSENCE ANSOLU EDP 60ML;MUJER;406.915
THIERRY MUGLER;ALIEN EXTRAORDINAIRE 90ML REFILL;MUJER;281.065
THIERRY MUGLER;THERRY MUGLER A*Men Recarga EDT (100ml);HOMBRE;289.455
TOMMY HILFIGER;TOMMY MEN 100ML;HOMBRE;146.825
TOMMY HILFIGER;TOMMY NEON BRIGHT DAMA 100ML;MUJER;166.961
TOMMY HILFIGER;TESTER TOMMY GIRL NEON BRIGHT;T-MUJER;113.265
TOMMY HILFIGER;TOMMY LOUD 75ML DAMA;MUJER;125.850
TOMMY HILFIGER;TOMMY NEON BRIGHT VARON 100ML;HOMBRE;163.605
TOMMY HILFIGER;TESTER TOMMY NEON BRIGHT 100ML;T-HOMBRE;113.265
TOMMY HILFIGER;TOMMY GIRL 100ML;MUJER;146.825
TOMMY HILFIGER;ARAMIS 100ML;HOMBRE;197.165
TOMMY HILFIGER;ARAMIS 125 ML;HOMBRE;201.360
TOMMY HILFIGER;TOMMY FREEDOM VARON EDT 100 ML;HOMBRE;142.630
TOMMY HILFIGER;"TOMMY EAU DE PREP 100ML ""NUEVO""";HOMBRE;130.045
TOMMY HILFIGER;"TOMMY GIRL EAU DE PREP 100ML ""NUEVO""";MUJER;130.045
TOM FORD;TOM FORD ORCHID 100ML DAMA;MUJER;612.470
TOM FORD;TOM FORD VELVET EDP 100ML;MUJER;599.885
TOUS;TOUS TOUCH  DAMA EDP 90 ML;MUJER;226.530
TOUS;TOUS GOLD 90ML;MUJER;205.555
TOUS;TOUS H20 EDT 100ML;MUJER;163.605
TOUS;TOUS SILVER 100ML EDT;MUJER;209.750
TOUS;TOUS L' EAU DE TOILETTE EDT 90ML;MUJER;121.655
TOUS;TESTER TOUS IN HEAVEN 100ML;T-MUJER;104.875
VAN CLEEF;FIRST 100ML;MUJER;201.360
VAN CLEEF;TSAR 100ML;HOMBRE;176.190
VAN CLEEF;FEERIE 100ML EDP;MUJER;268.480
VAN CLEEF;VAN CLEEF POUR HOMME 100ML;HOMBRE;163.605
VERA WANG;TESTER VERA WANG PRINCESS EDT 50ML;T-MUJER;117.460
VERSACE;VERSACE DREAMER 100ML;HOMBRE;155.215
VERSACE;VERSACE SIGNATURE 100ML;HOMBRE;226.530
VERSACE;VERSACE L'HOMME 100ML;HOMBRE;163.605
VERSACE;VERSACE POUR HOMME 100ML EDT;HOMBRE;230.725
VERSACE;VERSACE POUR HOMME 200ML EDT;HOMBRE;264.285
VERSACE;VERSACE POUR FEMME 100ML;HOMBRE;230.725
VERSACE;BLUE JEANS VERSACE 75ML;HOMBRE;121.655
VERSACE;RED JEANS VERSACE 75ML;MUJER;117.460
VERSACE;VERSACE YELLOW DIAMOND 90ML+100MLBL+GWP;MUJER;323.015
VERSACE;VERSACE YELLOW DIAMOND 90ML;MUJER;289.455
VERSACE;VERSACE VERSENCE 100ML;MUJER;297.845
VERSACE;VERSACE WOMAN 100ML;MUJER;209.750
VERSACE;VERSACE FRAICHE 100ML +100ML GEL DUCHA SER;MUJER;264.285
VERSACE;VERSACE EAU FRAICHE 100ML EDT;MUJER;243.310
VERSACE;VERSUS 100ML;MUJER;230.725
VERSACE;VERSACE BRIGHT CRYSTAL ABSOLU EDT 90 ML;MUJER;331.405
VERSACE;VERSACE BRIGHT CRYSTAL 90ML EDT;MUJER;302.040
VERSACE;VERSACE BRIGHT CRYSTAL ABSOLU MINIATURA;MUJER;79.705
VERSACE;VERSACE BRIGHT CRYSTAL ABSOLUTE 90ML+100BL;MUJER;331.405
VERSACE;VERSACE BRIGHT CRYSTAL MINIATURA + BL + SG;MUJER;79.705
VERSACE;VERSACE CRYSTAL NOIR 100ML EDT;MUJER;297.845
VERSACE;VERSACE CRYSTAL NOIR 90ML;MUJER;260.090
VERSACE;VERSACE Vanitas EDP (100ml);MUJER;289.455
VERSACE;VERSACE OUD ORIENTAL 100ML NUEVO;MUJER;250.861
VERSACE;VERSACE EROS POUR FEMME 100ML EDT;MUJER;390.135
VERSACE;VERSACE EROS 100ML;HOMBRE;285.260
VICTORINOX;SWISS ARMY FOR HER 100ML DAMA SET 2PCS;MUJER;155.215
VICTORINOX;SWISS ARMY FOR HER 100ML DAMA;MUJER;138.435
VICTORINOX;SWISS ARMY CLASSIC 100ML VARON;HOMBRE;125.850
VICTORINOX;TESTER SWISS ARMY 100ML EDT;T-HOMBRE;100.680
VICTORINOX;SWISS ARMY FOREST 100ML;HOMBRE;125.850
VICTORINOX;SWISS ARMY VICTORINOX 125ML;HOMBRE;79.705
VICTORINOX;SWISS ARMY ALTITUDE 100ML;HOMBRE;125.850
VICTORINOX;SWISS UNLIMITED 75ML;HOMBRE;125.850
VICTORINOX;SWISS ARMY VICTORIA 100ML;MUJER;125.850
VICTORIA SECRET;VICTORIA SECRET HAND & BODY CREAM 200 ML;MUJER;49.501
VICTORIA SECRET;VICTORIA SECRET BODY BUTTER 200 ML;MUJER;49.501
VICTORIA SECRET;VICTORIA SECRET SHOWER GEL 250 ML;MUJER;49.501
VICTORIA SECRET;VICTORIA SECRET  250ML SPLASH;MUJER;49.501
VICTORIA SECRET;VICTORIA SECRET 250ML LOTION;MUJER;50.340
VIKTORROLF;VICTOR ROLF FLOWERBOMB 100ML EDP;MUJER;620.860
VIKTORROLF;TESTER V&R FLOWERBOMB EDP 100 ML;T-MUJER;633.445
VIKTORROLF;"SPICEBOMB 90ML EDT VARON ""NUEVO""";HOMBRE;390.135
WARNER BROS;BATMAN FOR MEN 100ML ADULTO;Hom;46.145
WARNER BROS;SUPERMAN FOR MEN 100ML ADULTO;Hom;46.145
WARNER BROS;LIGA DE LA JUSTICIA 100ML NIÑO;Niño;33.560
WARNER BROS;LIGA DE LA JUSTICIA BATMAN 100ML NIÑO;Niño;33.560
WARNER BROS;LIGA DE LA JUSTICIA SUPERMAN 100ML NIÑO;Niño;33.560
WARNER BROS;LIGA DE LA JUSTICIA LINTERNA VERDE 100ML NIÑO;Niño;33.560
WARNER BROS;BATMAN 100ML SET 2PCS NIÑO;Niño;41.950
WARNER BROS;SUPERMAN 100ML SET 2PCS NIÑO;Niño;41.950
WARNER BROS;SHREK 75ML NIÑO;Niño;16.780
YVES SAINT LAURENT;ELLE 90ML;MUJER;377.550
YVES SAINT LAURENT;YSL ELLE 90ML EDP DAMA;MUJER;377.550
YVES SAINT LAURENT;CINEMA 90ML EDP;MUJER;272.675
YVES SAINT LAURENT;MANIFIESTO ECLAT 90ML;MUJER;335.600
YVES SAINT LAURENT;MANIFESTO 90ML EDP;MUJER;418.661
YVES SAINT LAURENT;KOUROS 100ML EDT;HOMBRE;289.455
YVES SAINT LAURENT;KOUROS SILVER EDT 100ML;HOMBRE;327.210
YVES SAINT LAURENT;BODY KOUROS 100ML VARON;HOMBRE;230.725
YVES SAINT LAURENT;YVRESSE 125ML;MUJER;293.650
YVES SAINT LAURENT;PARIS YSL 125ML;MUJER;419.500
YVES SAINT LAURENT;YSL PARISIENE 90 ML EDP;MUJER;411.110
YVES SAINT LAURENT;YSL RIVE GAUCHE DAMA 100 ML;MUJER;406.915
YVES SAINT LAURENT;YSL POUR HOMME (ROJO) 100ML;HOMBRE;166.961
YVES SAINT LAURENT;YSL POUR HOMME SPORT VARON 100 ML;HOMBRE;327.210
YVES SAINT LAURENT;BABY DOLL 100ML;MUJER;205.555
YVES SAINT LAURENT;LA NUIT L' HOMME 100ML EDT;HOMBRE;339.795
YVES SAINT LAURENT;L'HOMME EDT 100 ML;HOMBRE;318.820
YVES SAINT LAURENT;YSL POUR HOMME 100ML SUPER CONCENTRATE;HOMBRE;171.995
YVES SAINT LAURENT;YSL LA NUIT FROZEN 100ML EDT VARON;HOMBRE;302.040
YVES SAINT LAURENT;JAZZ 80ML;HOMBRE;285.260
YVES SAINT LAURENT;BLACK OPIUM 90ML EDP;MUJER;415.305
YVES SAINT LAURENT;OPIUM 90ML;MUJER;394.330
YVES SAINT LAURENT;OPIUM STEAM 125ML (NUEVO);MUJER;402.720
YVES SAINT LAURENT;BELLE D,OPIUM EDP 90ML  (EXCLUSIVO);MUJER;411.110
YVES SAINT LAURENT;OPIUM POUR HOMME EDT 100 ML;HOMBRE;377.550
ZIPPO;ZIPPO 75ML  EDP WOMAN;MUJER;163.605
ZIPPO;ZIPPO IN THE BLUE 100ML  EDT 100ML;HOMBRE;163.605
ZIPPO;ZIPPO DRESSCODE BLACK EDITION 100 ML;HOMBRE;176.190
ZIPPO;ZIPPO THE ORIGINAL 100ML;HOMBRE;163.605
ZEGNA;Z DE ZEGNA EDT 100 ML;HOMBRE;268.480
ZEGNA;ZEGNA UOMO EDT 100 ML + 30ML;HOMBRE;226.530
ZEGNA;ZEGNA UOMO VARON 100 ML;HOMBRE;197.165
